ISO-10303-21;
HEADER;
/* Generated by software containing ST-Developer
 * from STEP Tools, Inc. (www.steptools.com) 
 */

FILE_DESCRIPTION(
/* description */ (''),
/* implementation_level */ '2;1');

FILE_NAME(
/* name */ 'bottom.step',
/* time_stamp */ '2026-08-29T19:28:05+01:00',
/* author */ (''),
/* organization */ (''),
/* preprocessor_version */ 'ST-DEVELOPER v20.1',
/* originating_system */ 'Autodesk Translation Framework v15.8.0.0',
/* authorisation */ '');

FILE_SCHEMA (('AUTOMOTIVE_DESIGN { 1 0 10303 214 3 1 1 }'));
ENDSEC;

DATA;
#10=MECHANICAL_DESIGN_GEOMETRIC_PRESENTATION_REPRESENTATION('',(#18,#19,
#20,#21,#22,#23),#2929);
#11=ITEM_DEFINED_TRANSFORMATION($,$,#1845,#1961);
#12=(
REPRESENTATION_RELATIONSHIP($,$,#2940,#2939)
REPRESENTATION_RELATIONSHIP_WITH_TRANSFORMATION(#11)
SHAPE_REPRESENTATION_RELATIONSHIP()
);
#13=CONTEXT_DEPENDENT_SHAPE_REPRESENTATION(#12,#2938);
#14=NEXT_ASSEMBLY_USAGE_OCCURRENCE('bottoom:1','bottoom:1','bottoom:1',
#2942,#2943,'bottoom:1');
#15=SHAPE_REPRESENTATION_RELATIONSHIP('SRR','None',#2940,#16);
#16=ADVANCED_BREP_SHAPE_REPRESENTATION('',(#17),#2928);
#17=MANIFOLD_SOLID_BREP('Body1',#1831);
#18=STYLED_ITEM('',(#2955),#1751);
#19=STYLED_ITEM('',(#2955),#1752);
#20=STYLED_ITEM('',(#2955),#1756);
#21=STYLED_ITEM('',(#2955),#1765);
#22=STYLED_ITEM('',(#2955),#1829);
#23=STYLED_ITEM('',(#2954),#17);
#24=FACE_BOUND('',#246,.T.);
#25=FACE_BOUND('',#249,.T.);
#26=FACE_BOUND('',#250,.T.);
#27=FACE_BOUND('',#251,.T.);
#28=FACE_BOUND('',#252,.T.);
#29=FACE_BOUND('',#253,.T.);
#30=FACE_BOUND('',#254,.T.);
#31=FACE_BOUND('',#255,.T.);
#32=FACE_BOUND('',#256,.T.);
#33=FACE_BOUND('',#258,.T.);
#34=FACE_BOUND('',#259,.T.);
#35=FACE_BOUND('',#263,.T.);
#36=FACE_BOUND('',#270,.T.);
#37=FACE_BOUND('',#272,.T.);
#38=FACE_BOUND('',#276,.T.);
#39=FACE_BOUND('',#286,.T.);
#40=FACE_BOUND('',#287,.T.);
#41=FACE_BOUND('',#290,.T.);
#42=FACE_BOUND('',#291,.T.);
#43=FACE_BOUND('',#292,.T.);
#44=FACE_BOUND('',#293,.T.);
#45=FACE_BOUND('',#294,.T.);
#46=FACE_BOUND('',#301,.T.);
#47=FACE_BOUND('',#302,.T.);
#48=FACE_BOUND('',#303,.T.);
#49=FACE_BOUND('',#305,.T.);
#50=FACE_BOUND('',#306,.T.);
#51=FACE_BOUND('',#307,.T.);
#52=FACE_BOUND('',#309,.T.);
#53=FACE_BOUND('',#355,.T.);
#54=FACE_BOUND('',#357,.T.);
#55=FACE_BOUND('',#358,.T.);
#56=FACE_BOUND('',#359,.T.);
#57=FACE_BOUND('',#360,.T.);
#58=FACE_BOUND('',#361,.T.);
#59=FACE_BOUND('',#362,.T.);
#60=FACE_BOUND('',#363,.T.);
#61=FACE_BOUND('',#364,.T.);
#62=PLANE('',#1862);
#63=PLANE('',#1863);
#64=PLANE('',#1864);
#65=PLANE('',#1865);
#66=PLANE('',#1866);
#67=PLANE('',#1869);
#68=PLANE('',#1870);
#69=PLANE('',#1871);
#70=PLANE('',#1872);
#71=PLANE('',#1873);
#72=PLANE('',#1874);
#73=PLANE('',#1875);
#74=PLANE('',#1876);
#75=PLANE('',#1877);
#76=PLANE('',#1878);
#77=PLANE('',#1879);
#78=PLANE('',#1880);
#79=PLANE('',#1881);
#80=PLANE('',#1882);
#81=PLANE('',#1883);
#82=PLANE('',#1884);
#83=PLANE('',#1885);
#84=PLANE('',#1896);
#85=PLANE('',#1897);
#86=PLANE('',#1898);
#87=PLANE('',#1906);
#88=PLANE('',#1907);
#89=PLANE('',#1908);
#90=PLANE('',#1909);
#91=PLANE('',#1910);
#92=PLANE('',#1911);
#93=PLANE('',#1912);
#94=PLANE('',#1913);
#95=PLANE('',#1914);
#96=PLANE('',#1915);
#97=PLANE('',#1916);
#98=PLANE('',#1917);
#99=PLANE('',#1927);
#100=PLANE('',#1928);
#101=PLANE('',#1929);
#102=PLANE('',#1930);
#103=PLANE('',#1931);
#104=PLANE('',#1932);
#105=PLANE('',#1933);
#106=PLANE('',#1934);
#107=PLANE('',#1935);
#108=PLANE('',#1936);
#109=PLANE('',#1937);
#110=PLANE('',#1938);
#111=PLANE('',#1939);
#112=PLANE('',#1940);
#113=PLANE('',#1941);
#114=PLANE('',#1942);
#115=PLANE('',#1943);
#116=PLANE('',#1944);
#117=PLANE('',#1945);
#118=PLANE('',#1946);
#119=PLANE('',#1947);
#120=PLANE('',#1948);
#121=PLANE('',#1949);
#122=PLANE('',#1950);
#123=PLANE('',#1951);
#124=PLANE('',#1952);
#125=PLANE('',#1953);
#126=PLANE('',#1954);
#127=PLANE('',#1955);
#128=PLANE('',#1956);
#129=PLANE('',#1957);
#130=PLANE('',#1958);
#131=PLANE('',#1959);
#132=PLANE('',#1960);
#133=CYLINDRICAL_SURFACE('',#1848,1.);
#134=CYLINDRICAL_SURFACE('',#1852,1.);
#135=CYLINDRICAL_SURFACE('',#1856,1.);
#136=CYLINDRICAL_SURFACE('',#1860,1.);
#137=CYLINDRICAL_SURFACE('',#1886,2.);
#138=CYLINDRICAL_SURFACE('',#1889,2.);
#139=CYLINDRICAL_SURFACE('',#1891,2.);
#140=CYLINDRICAL_SURFACE('',#1894,2.);
#141=CYLINDRICAL_SURFACE('',#1905,1.5);
#142=CYLINDRICAL_SURFACE('',#1920,1.5);
#143=CYLINDRICAL_SURFACE('',#1923,1.5);
#144=CYLINDRICAL_SURFACE('',#1926,1.5);
#145=FACE_OUTER_BOUND('',#236,.T.);
#146=FACE_OUTER_BOUND('',#237,.T.);
#147=FACE_OUTER_BOUND('',#238,.T.);
#148=FACE_OUTER_BOUND('',#239,.T.);
#149=FACE_OUTER_BOUND('',#240,.T.);
#150=FACE_OUTER_BOUND('',#241,.T.);
#151=FACE_OUTER_BOUND('',#242,.T.);
#152=FACE_OUTER_BOUND('',#243,.T.);
#153=FACE_OUTER_BOUND('',#244,.T.);
#154=FACE_OUTER_BOUND('',#245,.T.);
#155=FACE_OUTER_BOUND('',#247,.T.);
#156=FACE_OUTER_BOUND('',#248,.T.);
#157=FACE_OUTER_BOUND('',#257,.T.);
#158=FACE_OUTER_BOUND('',#260,.T.);
#159=FACE_OUTER_BOUND('',#261,.T.);
#160=FACE_OUTER_BOUND('',#262,.T.);
#161=FACE_OUTER_BOUND('',#264,.T.);
#162=FACE_OUTER_BOUND('',#265,.T.);
#163=FACE_OUTER_BOUND('',#266,.T.);
#164=FACE_OUTER_BOUND('',#267,.T.);
#165=FACE_OUTER_BOUND('',#268,.T.);
#166=FACE_OUTER_BOUND('',#269,.T.);
#167=FACE_OUTER_BOUND('',#271,.T.);
#168=FACE_OUTER_BOUND('',#273,.T.);
#169=FACE_OUTER_BOUND('',#274,.T.);
#170=FACE_OUTER_BOUND('',#275,.T.);
#171=FACE_OUTER_BOUND('',#277,.T.);
#172=FACE_OUTER_BOUND('',#278,.T.);
#173=FACE_OUTER_BOUND('',#279,.T.);
#174=FACE_OUTER_BOUND('',#280,.T.);
#175=FACE_OUTER_BOUND('',#281,.T.);
#176=FACE_OUTER_BOUND('',#282,.T.);
#177=FACE_OUTER_BOUND('',#283,.T.);
#178=FACE_OUTER_BOUND('',#284,.T.);
#179=FACE_OUTER_BOUND('',#285,.T.);
#180=FACE_OUTER_BOUND('',#288,.T.);
#181=FACE_OUTER_BOUND('',#289,.T.);
#182=FACE_OUTER_BOUND('',#295,.T.);
#183=FACE_OUTER_BOUND('',#296,.T.);
#184=FACE_OUTER_BOUND('',#297,.T.);
#185=FACE_OUTER_BOUND('',#298,.T.);
#186=FACE_OUTER_BOUND('',#299,.T.);
#187=FACE_OUTER_BOUND('',#300,.T.);
#188=FACE_OUTER_BOUND('',#304,.T.);
#189=FACE_OUTER_BOUND('',#308,.T.);
#190=FACE_OUTER_BOUND('',#310,.T.);
#191=FACE_OUTER_BOUND('',#311,.T.);
#192=FACE_OUTER_BOUND('',#312,.T.);
#193=FACE_OUTER_BOUND('',#313,.T.);
#194=FACE_OUTER_BOUND('',#314,.T.);
#195=FACE_OUTER_BOUND('',#315,.T.);
#196=FACE_OUTER_BOUND('',#316,.T.);
#197=FACE_OUTER_BOUND('',#317,.T.);
#198=FACE_OUTER_BOUND('',#318,.T.);
#199=FACE_OUTER_BOUND('',#319,.T.);
#200=FACE_OUTER_BOUND('',#320,.T.);
#201=FACE_OUTER_BOUND('',#321,.T.);
#202=FACE_OUTER_BOUND('',#322,.T.);
#203=FACE_OUTER_BOUND('',#323,.T.);
#204=FACE_OUTER_BOUND('',#324,.T.);
#205=FACE_OUTER_BOUND('',#325,.T.);
#206=FACE_OUTER_BOUND('',#326,.T.);
#207=FACE_OUTER_BOUND('',#327,.T.);
#208=FACE_OUTER_BOUND('',#328,.T.);
#209=FACE_OUTER_BOUND('',#329,.T.);
#210=FACE_OUTER_BOUND('',#330,.T.);
#211=FACE_OUTER_BOUND('',#331,.T.);
#212=FACE_OUTER_BOUND('',#332,.T.);
#213=FACE_OUTER_BOUND('',#333,.T.);
#214=FACE_OUTER_BOUND('',#334,.T.);
#215=FACE_OUTER_BOUND('',#335,.T.);
#216=FACE_OUTER_BOUND('',#336,.T.);
#217=FACE_OUTER_BOUND('',#337,.T.);
#218=FACE_OUTER_BOUND('',#338,.T.);
#219=FACE_OUTER_BOUND('',#339,.T.);
#220=FACE_OUTER_BOUND('',#340,.T.);
#221=FACE_OUTER_BOUND('',#341,.T.);
#222=FACE_OUTER_BOUND('',#342,.T.);
#223=FACE_OUTER_BOUND('',#343,.T.);
#224=FACE_OUTER_BOUND('',#344,.T.);
#225=FACE_OUTER_BOUND('',#345,.T.);
#226=FACE_OUTER_BOUND('',#346,.T.);
#227=FACE_OUTER_BOUND('',#347,.T.);
#228=FACE_OUTER_BOUND('',#348,.T.);
#229=FACE_OUTER_BOUND('',#349,.T.);
#230=FACE_OUTER_BOUND('',#350,.T.);
#231=FACE_OUTER_BOUND('',#351,.T.);
#232=FACE_OUTER_BOUND('',#352,.T.);
#233=FACE_OUTER_BOUND('',#353,.T.);
#234=FACE_OUTER_BOUND('',#354,.T.);
#235=FACE_OUTER_BOUND('',#356,.T.);
#236=EDGE_LOOP('',(#1242,#1243,#1244));
#237=EDGE_LOOP('',(#1245,#1246,#1247,#1248));
#238=EDGE_LOOP('',(#1249,#1250,#1251));
#239=EDGE_LOOP('',(#1252,#1253,#1254,#1255));
#240=EDGE_LOOP('',(#1256,#1257,#1258));
#241=EDGE_LOOP('',(#1259,#1260,#1261,#1262));
#242=EDGE_LOOP('',(#1263,#1264,#1265));
#243=EDGE_LOOP('',(#1266,#1267,#1268,#1269));
#244=EDGE_LOOP('',(#1270,#1271,#1272,#1273));
#245=EDGE_LOOP('',(#1274,#1275,#1276,#1277));
#246=EDGE_LOOP('',(#1278));
#247=EDGE_LOOP('',(#1279,#1280,#1281,#1282));
#248=EDGE_LOOP('',(#1283,#1284,#1285,#1286,#1287,#1288));
#249=EDGE_LOOP('',(#1289,#1290,#1291,#1292));
#250=EDGE_LOOP('',(#1293,#1294,#1295,#1296));
#251=EDGE_LOOP('',(#1297,#1298,#1299,#1300));
#252=EDGE_LOOP('',(#1301,#1302,#1303,#1304));
#253=EDGE_LOOP('',(#1305,#1306,#1307,#1308));
#254=EDGE_LOOP('',(#1309,#1310,#1311,#1312));
#255=EDGE_LOOP('',(#1313,#1314,#1315,#1316));
#256=EDGE_LOOP('',(#1317,#1318,#1319,#1320));
#257=EDGE_LOOP('',(#1321,#1322,#1323,#1324,#1325,#1326,#1327,#1328,#1329,
#1330,#1331,#1332));
#258=EDGE_LOOP('',(#1333));
#259=EDGE_LOOP('',(#1334));
#260=EDGE_LOOP('',(#1335,#1336,#1337,#1338));
#261=EDGE_LOOP('',(#1339,#1340,#1341,#1342));
#262=EDGE_LOOP('',(#1343,#1344,#1345,#1346));
#263=EDGE_LOOP('',(#1347));
#264=EDGE_LOOP('',(#1348,#1349,#1350,#1351,#1352,#1353,#1354,#1355));
#265=EDGE_LOOP('',(#1356,#1357,#1358,#1359));
#266=EDGE_LOOP('',(#1360,#1361,#1362,#1363));
#267=EDGE_LOOP('',(#1364,#1365,#1366,#1367));
#268=EDGE_LOOP('',(#1368,#1369,#1370,#1371));
#269=EDGE_LOOP('',(#1372,#1373,#1374,#1375));
#270=EDGE_LOOP('',(#1376));
#271=EDGE_LOOP('',(#1377,#1378,#1379,#1380));
#272=EDGE_LOOP('',(#1381));
#273=EDGE_LOOP('',(#1382,#1383,#1384,#1385));
#274=EDGE_LOOP('',(#1386,#1387,#1388,#1389));
#275=EDGE_LOOP('',(#1390,#1391,#1392,#1393,#1394,#1395,#1396,#1397,#1398,
#1399));
#276=EDGE_LOOP('',(#1400,#1401,#1402,#1403));
#277=EDGE_LOOP('',(#1404,#1405,#1406,#1407));
#278=EDGE_LOOP('',(#1408,#1409,#1410,#1411));
#279=EDGE_LOOP('',(#1412,#1413,#1414,#1415));
#280=EDGE_LOOP('',(#1416,#1417,#1418,#1419));
#281=EDGE_LOOP('',(#1420,#1421,#1422,#1423));
#282=EDGE_LOOP('',(#1424,#1425,#1426,#1427));
#283=EDGE_LOOP('',(#1428,#1429,#1430,#1431));
#284=EDGE_LOOP('',(#1432,#1433,#1434,#1435));
#285=EDGE_LOOP('',(#1436,#1437,#1438,#1439));
#286=EDGE_LOOP('',(#1440));
#287=EDGE_LOOP('',(#1441));
#288=EDGE_LOOP('',(#1442,#1443,#1444,#1445));
#289=EDGE_LOOP('',(#1446,#1447,#1448,#1449));
#290=EDGE_LOOP('',(#1450));
#291=EDGE_LOOP('',(#1451,#1452,#1453,#1454,#1455,#1456,#1457,#1458,#1459,
#1460));
#292=EDGE_LOOP('',(#1461));
#293=EDGE_LOOP('',(#1462));
#294=EDGE_LOOP('',(#1463));
#295=EDGE_LOOP('',(#1464,#1465,#1466));
#296=EDGE_LOOP('',(#1467,#1468,#1469,#1470));
#297=EDGE_LOOP('',(#1471,#1472,#1473,#1474));
#298=EDGE_LOOP('',(#1475,#1476,#1477,#1478));
#299=EDGE_LOOP('',(#1479,#1480,#1481,#1482,#1483,#1484));
#300=EDGE_LOOP('',(#1485,#1486,#1487,#1488));
#301=EDGE_LOOP('',(#1489,#1490,#1491,#1492));
#302=EDGE_LOOP('',(#1493));
#303=EDGE_LOOP('',(#1494));
#304=EDGE_LOOP('',(#1495,#1496,#1497,#1498));
#305=EDGE_LOOP('',(#1499,#1500,#1501,#1502));
#306=EDGE_LOOP('',(#1503));
#307=EDGE_LOOP('',(#1504));
#308=EDGE_LOOP('',(#1505,#1506,#1507,#1508));
#309=EDGE_LOOP('',(#1509,#1510,#1511,#1512));
#310=EDGE_LOOP('',(#1513,#1514,#1515,#1516));
#311=EDGE_LOOP('',(#1517,#1518,#1519,#1520));
#312=EDGE_LOOP('',(#1521,#1522,#1523,#1524));
#313=EDGE_LOOP('',(#1525,#1526,#1527,#1528));
#314=EDGE_LOOP('',(#1529,#1530,#1531,#1532));
#315=EDGE_LOOP('',(#1533,#1534,#1535,#1536));
#316=EDGE_LOOP('',(#1537,#1538,#1539));
#317=EDGE_LOOP('',(#1540,#1541,#1542,#1543));
#318=EDGE_LOOP('',(#1544,#1545,#1546));
#319=EDGE_LOOP('',(#1547,#1548,#1549,#1550));
#320=EDGE_LOOP('',(#1551,#1552,#1553));
#321=EDGE_LOOP('',(#1554,#1555,#1556,#1557));
#322=EDGE_LOOP('',(#1558,#1559,#1560,#1561));
#323=EDGE_LOOP('',(#1562,#1563,#1564,#1565));
#324=EDGE_LOOP('',(#1566,#1567,#1568,#1569));
#325=EDGE_LOOP('',(#1570,#1571,#1572,#1573));
#326=EDGE_LOOP('',(#1574,#1575,#1576,#1577));
#327=EDGE_LOOP('',(#1578,#1579,#1580,#1581));
#328=EDGE_LOOP('',(#1582,#1583,#1584,#1585));
#329=EDGE_LOOP('',(#1586,#1587,#1588,#1589));
#330=EDGE_LOOP('',(#1590,#1591,#1592,#1593));
#331=EDGE_LOOP('',(#1594,#1595,#1596,#1597));
#332=EDGE_LOOP('',(#1598,#1599,#1600,#1601));
#333=EDGE_LOOP('',(#1602,#1603,#1604,#1605));
#334=EDGE_LOOP('',(#1606,#1607,#1608,#1609));
#335=EDGE_LOOP('',(#1610,#1611,#1612,#1613));
#336=EDGE_LOOP('',(#1614,#1615,#1616,#1617));
#337=EDGE_LOOP('',(#1618,#1619,#1620,#1621));
#338=EDGE_LOOP('',(#1622,#1623,#1624,#1625));
#339=EDGE_LOOP('',(#1626,#1627,#1628,#1629));
#340=EDGE_LOOP('',(#1630,#1631,#1632,#1633));
#341=EDGE_LOOP('',(#1634,#1635,#1636,#1637));
#342=EDGE_LOOP('',(#1638,#1639,#1640,#1641));
#343=EDGE_LOOP('',(#1642,#1643,#1644,#1645));
#344=EDGE_LOOP('',(#1646,#1647,#1648,#1649));
#345=EDGE_LOOP('',(#1650,#1651,#1652,#1653));
#346=EDGE_LOOP('',(#1654,#1655,#1656,#1657));
#347=EDGE_LOOP('',(#1658,#1659,#1660,#1661));
#348=EDGE_LOOP('',(#1662,#1663,#1664,#1665));
#349=EDGE_LOOP('',(#1666,#1667,#1668,#1669));
#350=EDGE_LOOP('',(#1670,#1671,#1672,#1673));
#351=EDGE_LOOP('',(#1674,#1675,#1676,#1677));
#352=EDGE_LOOP('',(#1678,#1679,#1680,#1681));
#353=EDGE_LOOP('',(#1682,#1683,#1684,#1685));
#354=EDGE_LOOP('',(#1686,#1687,#1688,#1689,#1690,#1691));
#355=EDGE_LOOP('',(#1692,#1693,#1694,#1695));
#356=EDGE_LOOP('',(#1696,#1697,#1698,#1699));
#357=EDGE_LOOP('',(#1700,#1701,#1702,#1703));
#358=EDGE_LOOP('',(#1704,#1705,#1706,#1707));
#359=EDGE_LOOP('',(#1708,#1709,#1710,#1711));
#360=EDGE_LOOP('',(#1712,#1713,#1714,#1715));
#361=EDGE_LOOP('',(#1716,#1717,#1718,#1719));
#362=EDGE_LOOP('',(#1720,#1721,#1722,#1723));
#363=EDGE_LOOP('',(#1724,#1725,#1726,#1727));
#364=EDGE_LOOP('',(#1728,#1729,#1730,#1731));
#365=LINE('',#2425,#586);
#366=LINE('',#2429,#587);
#367=LINE('',#2434,#588);
#368=LINE('',#2438,#589);
#369=LINE('',#2443,#590);
#370=LINE('',#2447,#591);
#371=LINE('',#2452,#592);
#372=LINE('',#2456,#593);
#373=LINE('',#2460,#594);
#374=LINE('',#2462,#595);
#375=LINE('',#2464,#596);
#376=LINE('',#2465,#597);
#377=LINE('',#2468,#598);
#378=LINE('',#2470,#599);
#379=LINE('',#2471,#600);
#380=LINE('',#2474,#601);
#381=LINE('',#2475,#602);
#382=LINE('',#2478,#603);
#383=LINE('',#2480,#604);
#384=LINE('',#2482,#605);
#385=LINE('',#2483,#606);
#386=LINE('',#2486,#607);
#387=LINE('',#2488,#608);
#388=LINE('',#2490,#609);
#389=LINE('',#2491,#610);
#390=LINE('',#2494,#611);
#391=LINE('',#2496,#612);
#392=LINE('',#2498,#613);
#393=LINE('',#2499,#614);
#394=LINE('',#2502,#615);
#395=LINE('',#2504,#616);
#396=LINE('',#2506,#617);
#397=LINE('',#2507,#618);
#398=LINE('',#2510,#619);
#399=LINE('',#2512,#620);
#400=LINE('',#2514,#621);
#401=LINE('',#2515,#622);
#402=LINE('',#2518,#623);
#403=LINE('',#2520,#624);
#404=LINE('',#2522,#625);
#405=LINE('',#2523,#626);
#406=LINE('',#2526,#627);
#407=LINE('',#2528,#628);
#408=LINE('',#2530,#629);
#409=LINE('',#2531,#630);
#410=LINE('',#2534,#631);
#411=LINE('',#2536,#632);
#412=LINE('',#2538,#633);
#413=LINE('',#2539,#634);
#414=LINE('',#2542,#635);
#415=LINE('',#2544,#636);
#416=LINE('',#2546,#637);
#417=LINE('',#2547,#638);
#418=LINE('',#2550,#639);
#419=LINE('',#2552,#640);
#420=LINE('',#2554,#641);
#421=LINE('',#2556,#642);
#422=LINE('',#2558,#643);
#423=LINE('',#2560,#644);
#424=LINE('',#2562,#645);
#425=LINE('',#2564,#646);
#426=LINE('',#2565,#647);
#427=LINE('',#2573,#648);
#428=LINE('',#2575,#649);
#429=LINE('',#2577,#650);
#430=LINE('',#2578,#651);
#431=LINE('',#2580,#652);
#432=LINE('',#2581,#653);
#433=LINE('',#2583,#654);
#434=LINE('',#2586,#655);
#435=LINE('',#2588,#656);
#436=LINE('',#2590,#657);
#437=LINE('',#2592,#658);
#438=LINE('',#2593,#659);
#439=LINE('',#2597,#660);
#440=LINE('',#2599,#661);
#441=LINE('',#2601,#662);
#442=LINE('',#2602,#663);
#443=LINE('',#2605,#664);
#444=LINE('',#2607,#665);
#445=LINE('',#2608,#666);
#446=LINE('',#2611,#667);
#447=LINE('',#2613,#668);
#448=LINE('',#2614,#669);
#449=LINE('',#2616,#670);
#450=LINE('',#2617,#671);
#451=LINE('',#2621,#672);
#452=LINE('',#2623,#673);
#453=LINE('',#2624,#674);
#454=LINE('',#2627,#675);
#455=LINE('',#2629,#676);
#456=LINE('',#2630,#677);
#457=LINE('',#2632,#678);
#458=LINE('',#2634,#679);
#459=LINE('',#2638,#680);
#460=LINE('',#2640,#681);
#461=LINE('',#2642,#682);
#462=LINE('',#2643,#683);
#463=LINE('',#2646,#684);
#464=LINE('',#2648,#685);
#465=LINE('',#2649,#686);
#466=LINE('',#2652,#687);
#467=LINE('',#2654,#688);
#468=LINE('',#2655,#689);
#469=LINE('',#2657,#690);
#470=LINE('',#2658,#691);
#471=LINE('',#2663,#692);
#472=LINE('',#2668,#693);
#473=LINE('',#2673,#694);
#474=LINE('',#2678,#695);
#475=LINE('',#2682,#696);
#476=LINE('',#2684,#697);
#477=LINE('',#2686,#698);
#478=LINE('',#2687,#699);
#479=LINE('',#2689,#700);
#480=LINE('',#2690,#701);
#481=LINE('',#2694,#702);
#482=LINE('',#2696,#703);
#483=LINE('',#2698,#704);
#484=LINE('',#2699,#705);
#485=LINE('',#2702,#706);
#486=LINE('',#2704,#707);
#487=LINE('',#2706,#708);
#488=LINE('',#2707,#709);
#489=LINE('',#2718,#710);
#490=LINE('',#2720,#711);
#491=LINE('',#2724,#712);
#492=LINE('',#2725,#713);
#493=LINE('',#2726,#714);
#494=LINE('',#2730,#715);
#495=LINE('',#2731,#716);
#496=LINE('',#2732,#717);
#497=LINE('',#2736,#718);
#498=LINE('',#2737,#719);
#499=LINE('',#2738,#720);
#500=LINE('',#2740,#721);
#501=LINE('',#2741,#722);
#502=LINE('',#2743,#723);
#503=LINE('',#2745,#724);
#504=LINE('',#2748,#725);
#505=LINE('',#2750,#726);
#506=LINE('',#2752,#727);
#507=LINE('',#2753,#728);
#508=LINE('',#2756,#729);
#509=LINE('',#2758,#730);
#510=LINE('',#2759,#731);
#511=LINE('',#2762,#732);
#512=LINE('',#2763,#733);
#513=LINE('',#2766,#734);
#514=LINE('',#2767,#735);
#515=LINE('',#2769,#736);
#516=LINE('',#2776,#737);
#517=LINE('',#2778,#738);
#518=LINE('',#2783,#739);
#519=LINE('',#2785,#740);
#520=LINE('',#2790,#741);
#521=LINE('',#2792,#742);
#522=LINE('',#2795,#743);
#523=LINE('',#2797,#744);
#524=LINE('',#2798,#745);
#525=LINE('',#2801,#746);
#526=LINE('',#2802,#747);
#527=LINE('',#2805,#748);
#528=LINE('',#2806,#749);
#529=LINE('',#2808,#750);
#530=LINE('',#2811,#751);
#531=LINE('',#2813,#752);
#532=LINE('',#2814,#753);
#533=LINE('',#2817,#754);
#534=LINE('',#2818,#755);
#535=LINE('',#2821,#756);
#536=LINE('',#2822,#757);
#537=LINE('',#2824,#758);
#538=LINE('',#2827,#759);
#539=LINE('',#2829,#760);
#540=LINE('',#2830,#761);
#541=LINE('',#2833,#762);
#542=LINE('',#2834,#763);
#543=LINE('',#2837,#764);
#544=LINE('',#2838,#765);
#545=LINE('',#2840,#766);
#546=LINE('',#2843,#767);
#547=LINE('',#2845,#768);
#548=LINE('',#2846,#769);
#549=LINE('',#2849,#770);
#550=LINE('',#2850,#771);
#551=LINE('',#2853,#772);
#552=LINE('',#2854,#773);
#553=LINE('',#2856,#774);
#554=LINE('',#2859,#775);
#555=LINE('',#2861,#776);
#556=LINE('',#2862,#777);
#557=LINE('',#2865,#778);
#558=LINE('',#2866,#779);
#559=LINE('',#2869,#780);
#560=LINE('',#2870,#781);
#561=LINE('',#2872,#782);
#562=LINE('',#2875,#783);
#563=LINE('',#2877,#784);
#564=LINE('',#2878,#785);
#565=LINE('',#2881,#786);
#566=LINE('',#2882,#787);
#567=LINE('',#2885,#788);
#568=LINE('',#2886,#789);
#569=LINE('',#2888,#790);
#570=LINE('',#2891,#791);
#571=LINE('',#2893,#792);
#572=LINE('',#2894,#793);
#573=LINE('',#2897,#794);
#574=LINE('',#2898,#795);
#575=LINE('',#2901,#796);
#576=LINE('',#2902,#797);
#577=LINE('',#2904,#798);
#578=LINE('',#2907,#799);
#579=LINE('',#2909,#800);
#580=LINE('',#2910,#801);
#581=LINE('',#2913,#802);
#582=LINE('',#2914,#803);
#583=LINE('',#2917,#804);
#584=LINE('',#2918,#805);
#585=LINE('',#2920,#806);
#586=VECTOR('',#1970,0.5);
#587=VECTOR('',#1975,1.);
#588=VECTOR('',#1980,0.5);
#589=VECTOR('',#1985,1.);
#590=VECTOR('',#1990,0.5);
#591=VECTOR('',#1995,1.);
#592=VECTOR('',#2000,0.5);
#593=VECTOR('',#2005,1.);
#594=VECTOR('',#2008,10.);
#595=VECTOR('',#2009,10.);
#596=VECTOR('',#2010,10.);
#597=VECTOR('',#2011,10.);
#598=VECTOR('',#2014,10.);
#599=VECTOR('',#2015,10.);
#600=VECTOR('',#2016,10.);
#601=VECTOR('',#2019,10.);
#602=VECTOR('',#2020,10.);
#603=VECTOR('',#2023,10.);
#604=VECTOR('',#2024,10.);
#605=VECTOR('',#2025,10.);
#606=VECTOR('',#2026,10.);
#607=VECTOR('',#2027,10.);
#608=VECTOR('',#2028,10.);
#609=VECTOR('',#2029,10.);
#610=VECTOR('',#2030,10.);
#611=VECTOR('',#2031,10.);
#612=VECTOR('',#2032,10.);
#613=VECTOR('',#2033,10.);
#614=VECTOR('',#2034,10.);
#615=VECTOR('',#2035,10.);
#616=VECTOR('',#2036,10.);
#617=VECTOR('',#2037,10.);
#618=VECTOR('',#2038,10.);
#619=VECTOR('',#2039,10.);
#620=VECTOR('',#2040,10.);
#621=VECTOR('',#2041,10.);
#622=VECTOR('',#2042,10.);
#623=VECTOR('',#2043,10.);
#624=VECTOR('',#2044,10.);
#625=VECTOR('',#2045,10.);
#626=VECTOR('',#2046,10.);
#627=VECTOR('',#2047,10.);
#628=VECTOR('',#2048,10.);
#629=VECTOR('',#2049,10.);
#630=VECTOR('',#2050,10.);
#631=VECTOR('',#2051,10.);
#632=VECTOR('',#2052,10.);
#633=VECTOR('',#2053,10.);
#634=VECTOR('',#2054,10.);
#635=VECTOR('',#2055,10.);
#636=VECTOR('',#2056,10.);
#637=VECTOR('',#2057,10.);
#638=VECTOR('',#2058,10.);
#639=VECTOR('',#2061,10.);
#640=VECTOR('',#2062,10.);
#641=VECTOR('',#2063,10.);
#642=VECTOR('',#2064,10.);
#643=VECTOR('',#2065,10.);
#644=VECTOR('',#2066,10.);
#645=VECTOR('',#2067,10.);
#646=VECTOR('',#2068,10.);
#647=VECTOR('',#2069,10.);
#648=VECTOR('',#2076,10.);
#649=VECTOR('',#2077,10.);
#650=VECTOR('',#2078,10.);
#651=VECTOR('',#2079,10.);
#652=VECTOR('',#2082,10.);
#653=VECTOR('',#2083,10.);
#654=VECTOR('',#2086,10.);
#655=VECTOR('',#2089,10.);
#656=VECTOR('',#2090,10.);
#657=VECTOR('',#2091,10.);
#658=VECTOR('',#2092,10.);
#659=VECTOR('',#2093,10.);
#660=VECTOR('',#2096,10.);
#661=VECTOR('',#2097,10.);
#662=VECTOR('',#2098,10.);
#663=VECTOR('',#2099,10.);
#664=VECTOR('',#2102,10.);
#665=VECTOR('',#2103,10.);
#666=VECTOR('',#2104,10.);
#667=VECTOR('',#2107,10.);
#668=VECTOR('',#2108,10.);
#669=VECTOR('',#2109,10.);
#670=VECTOR('',#2112,10.);
#671=VECTOR('',#2113,10.);
#672=VECTOR('',#2118,10.);
#673=VECTOR('',#2119,10.);
#674=VECTOR('',#2120,10.);
#675=VECTOR('',#2123,10.);
#676=VECTOR('',#2124,10.);
#677=VECTOR('',#2125,10.);
#678=VECTOR('',#2128,10.);
#679=VECTOR('',#2131,10.);
#680=VECTOR('',#2134,10.);
#681=VECTOR('',#2135,10.);
#682=VECTOR('',#2136,10.);
#683=VECTOR('',#2137,10.);
#684=VECTOR('',#2140,10.);
#685=VECTOR('',#2141,10.);
#686=VECTOR('',#2142,10.);
#687=VECTOR('',#2145,10.);
#688=VECTOR('',#2146,10.);
#689=VECTOR('',#2147,10.);
#690=VECTOR('',#2150,10.);
#691=VECTOR('',#2151,10.);
#692=VECTOR('',#2156,2.);
#693=VECTOR('',#2163,2.);
#694=VECTOR('',#2168,2.);
#695=VECTOR('',#2175,2.);
#696=VECTOR('',#2178,10.);
#697=VECTOR('',#2179,10.);
#698=VECTOR('',#2180,10.);
#699=VECTOR('',#2181,10.);
#700=VECTOR('',#2184,10.);
#701=VECTOR('',#2185,10.);
#702=VECTOR('',#2188,10.);
#703=VECTOR('',#2189,10.);
#704=VECTOR('',#2190,10.);
#705=VECTOR('',#2191,10.);
#706=VECTOR('',#2194,10.);
#707=VECTOR('',#2195,10.);
#708=VECTOR('',#2196,10.);
#709=VECTOR('',#2197,10.);
#710=VECTOR('',#2208,0.75);
#711=VECTOR('',#2211,1.5);
#712=VECTOR('',#2214,10.);
#713=VECTOR('',#2215,10.);
#714=VECTOR('',#2216,10.);
#715=VECTOR('',#2219,10.);
#716=VECTOR('',#2220,10.);
#717=VECTOR('',#2221,10.);
#718=VECTOR('',#2224,10.);
#719=VECTOR('',#2225,10.);
#720=VECTOR('',#2226,10.);
#721=VECTOR('',#2229,10.);
#722=VECTOR('',#2230,10.);
#723=VECTOR('',#2233,10.);
#724=VECTOR('',#2236,10.);
#725=VECTOR('',#2237,10.);
#726=VECTOR('',#2238,10.);
#727=VECTOR('',#2239,10.);
#728=VECTOR('',#2240,10.);
#729=VECTOR('',#2243,10.);
#730=VECTOR('',#2244,10.);
#731=VECTOR('',#2245,10.);
#732=VECTOR('',#2248,10.);
#733=VECTOR('',#2249,10.);
#734=VECTOR('',#2252,10.);
#735=VECTOR('',#2253,10.);
#736=VECTOR('',#2256,10.);
#737=VECTOR('',#2265,0.75);
#738=VECTOR('',#2268,1.5);
#739=VECTOR('',#2273,0.75);
#740=VECTOR('',#2276,1.5);
#741=VECTOR('',#2281,0.75);
#742=VECTOR('',#2284,1.5);
#743=VECTOR('',#2287,10.);
#744=VECTOR('',#2288,10.);
#745=VECTOR('',#2289,10.);
#746=VECTOR('',#2292,10.);
#747=VECTOR('',#2293,10.);
#748=VECTOR('',#2296,10.);
#749=VECTOR('',#2297,10.);
#750=VECTOR('',#2300,10.);
#751=VECTOR('',#2303,10.);
#752=VECTOR('',#2304,10.);
#753=VECTOR('',#2305,10.);
#754=VECTOR('',#2308,10.);
#755=VECTOR('',#2309,10.);
#756=VECTOR('',#2312,10.);
#757=VECTOR('',#2313,10.);
#758=VECTOR('',#2316,10.);
#759=VECTOR('',#2319,10.);
#760=VECTOR('',#2320,10.);
#761=VECTOR('',#2321,10.);
#762=VECTOR('',#2324,10.);
#763=VECTOR('',#2325,10.);
#764=VECTOR('',#2328,10.);
#765=VECTOR('',#2329,10.);
#766=VECTOR('',#2332,10.);
#767=VECTOR('',#2335,10.);
#768=VECTOR('',#2336,10.);
#769=VECTOR('',#2337,10.);
#770=VECTOR('',#2340,10.);
#771=VECTOR('',#2341,10.);
#772=VECTOR('',#2344,10.);
#773=VECTOR('',#2345,10.);
#774=VECTOR('',#2348,10.);
#775=VECTOR('',#2351,10.);
#776=VECTOR('',#2352,10.);
#777=VECTOR('',#2353,10.);
#778=VECTOR('',#2356,10.);
#779=VECTOR('',#2357,10.);
#780=VECTOR('',#2360,10.);
#781=VECTOR('',#2361,10.);
#782=VECTOR('',#2364,10.);
#783=VECTOR('',#2367,10.);
#784=VECTOR('',#2368,10.);
#785=VECTOR('',#2369,10.);
#786=VECTOR('',#2372,10.);
#787=VECTOR('',#2373,10.);
#788=VECTOR('',#2376,10.);
#789=VECTOR('',#2377,10.);
#790=VECTOR('',#2380,10.);
#791=VECTOR('',#2383,10.);
#792=VECTOR('',#2384,10.);
#793=VECTOR('',#2385,10.);
#794=VECTOR('',#2388,10.);
#795=VECTOR('',#2389,10.);
#796=VECTOR('',#2392,10.);
#797=VECTOR('',#2393,10.);
#798=VECTOR('',#2396,10.);
#799=VECTOR('',#2399,10.);
#800=VECTOR('',#2400,10.);
#801=VECTOR('',#2401,10.);
#802=VECTOR('',#2404,10.);
#803=VECTOR('',#2405,10.);
#804=VECTOR('',#2408,10.);
#805=VECTOR('',#2409,10.);
#806=VECTOR('',#2412,10.);
#807=CIRCLE('',#1847,1.);
#808=CIRCLE('',#1849,1.);
#809=CIRCLE('',#1851,1.);
#810=CIRCLE('',#1853,1.);
#811=CIRCLE('',#1855,1.);
#812=CIRCLE('',#1857,1.);
#813=CIRCLE('',#1859,1.);
#814=CIRCLE('',#1861,1.);
#815=CIRCLE('',#1867,2.);
#816=CIRCLE('',#1868,2.);
#817=CIRCLE('',#1887,2.);
#818=CIRCLE('',#1888,2.);
#819=CIRCLE('',#1890,2.);
#820=CIRCLE('',#1892,2.);
#821=CIRCLE('',#1893,2.);
#822=CIRCLE('',#1895,2.);
#823=CIRCLE('',#1899,1.5);
#824=CIRCLE('',#1900,1.5);
#825=CIRCLE('',#1901,1.5);
#826=CIRCLE('',#1902,1.5);
#827=CIRCLE('',#1904,1.5);
#828=CIRCLE('',#1919,1.5);
#829=CIRCLE('',#1922,1.5);
#830=CIRCLE('',#1925,1.5);
#831=VERTEX_POINT('',#2422);
#832=VERTEX_POINT('',#2424);
#833=VERTEX_POINT('',#2427);
#834=VERTEX_POINT('',#2431);
#835=VERTEX_POINT('',#2433);
#836=VERTEX_POINT('',#2436);
#837=VERTEX_POINT('',#2440);
#838=VERTEX_POINT('',#2442);
#839=VERTEX_POINT('',#2445);
#840=VERTEX_POINT('',#2449);
#841=VERTEX_POINT('',#2451);
#842=VERTEX_POINT('',#2454);
#843=VERTEX_POINT('',#2458);
#844=VERTEX_POINT('',#2459);
#845=VERTEX_POINT('',#2461);
#846=VERTEX_POINT('',#2463);
#847=VERTEX_POINT('',#2467);
#848=VERTEX_POINT('',#2469);
#849=VERTEX_POINT('',#2473);
#850=VERTEX_POINT('',#2477);
#851=VERTEX_POINT('',#2479);
#852=VERTEX_POINT('',#2481);
#853=VERTEX_POINT('',#2484);
#854=VERTEX_POINT('',#2485);
#855=VERTEX_POINT('',#2487);
#856=VERTEX_POINT('',#2489);
#857=VERTEX_POINT('',#2492);
#858=VERTEX_POINT('',#2493);
#859=VERTEX_POINT('',#2495);
#860=VERTEX_POINT('',#2497);
#861=VERTEX_POINT('',#2500);
#862=VERTEX_POINT('',#2501);
#863=VERTEX_POINT('',#2503);
#864=VERTEX_POINT('',#2505);
#865=VERTEX_POINT('',#2508);
#866=VERTEX_POINT('',#2509);
#867=VERTEX_POINT('',#2511);
#868=VERTEX_POINT('',#2513);
#869=VERTEX_POINT('',#2516);
#870=VERTEX_POINT('',#2517);
#871=VERTEX_POINT('',#2519);
#872=VERTEX_POINT('',#2521);
#873=VERTEX_POINT('',#2524);
#874=VERTEX_POINT('',#2525);
#875=VERTEX_POINT('',#2527);
#876=VERTEX_POINT('',#2529);
#877=VERTEX_POINT('',#2532);
#878=VERTEX_POINT('',#2533);
#879=VERTEX_POINT('',#2535);
#880=VERTEX_POINT('',#2537);
#881=VERTEX_POINT('',#2540);
#882=VERTEX_POINT('',#2541);
#883=VERTEX_POINT('',#2543);
#884=VERTEX_POINT('',#2545);
#885=VERTEX_POINT('',#2549);
#886=VERTEX_POINT('',#2551);
#887=VERTEX_POINT('',#2553);
#888=VERTEX_POINT('',#2555);
#889=VERTEX_POINT('',#2557);
#890=VERTEX_POINT('',#2559);
#891=VERTEX_POINT('',#2561);
#892=VERTEX_POINT('',#2563);
#893=VERTEX_POINT('',#2566);
#894=VERTEX_POINT('',#2568);
#895=VERTEX_POINT('',#2571);
#896=VERTEX_POINT('',#2572);
#897=VERTEX_POINT('',#2574);
#898=VERTEX_POINT('',#2576);
#899=VERTEX_POINT('',#2585);
#900=VERTEX_POINT('',#2587);
#901=VERTEX_POINT('',#2589);
#902=VERTEX_POINT('',#2591);
#903=VERTEX_POINT('',#2595);
#904=VERTEX_POINT('',#2596);
#905=VERTEX_POINT('',#2598);
#906=VERTEX_POINT('',#2600);
#907=VERTEX_POINT('',#2604);
#908=VERTEX_POINT('',#2606);
#909=VERTEX_POINT('',#2610);
#910=VERTEX_POINT('',#2612);
#911=VERTEX_POINT('',#2620);
#912=VERTEX_POINT('',#2622);
#913=VERTEX_POINT('',#2626);
#914=VERTEX_POINT('',#2628);
#915=VERTEX_POINT('',#2636);
#916=VERTEX_POINT('',#2637);
#917=VERTEX_POINT('',#2639);
#918=VERTEX_POINT('',#2641);
#919=VERTEX_POINT('',#2645);
#920=VERTEX_POINT('',#2647);
#921=VERTEX_POINT('',#2651);
#922=VERTEX_POINT('',#2653);
#923=VERTEX_POINT('',#2660);
#924=VERTEX_POINT('',#2662);
#925=VERTEX_POINT('',#2666);
#926=VERTEX_POINT('',#2670);
#927=VERTEX_POINT('',#2672);
#928=VERTEX_POINT('',#2676);
#929=VERTEX_POINT('',#2680);
#930=VERTEX_POINT('',#2681);
#931=VERTEX_POINT('',#2683);
#932=VERTEX_POINT('',#2685);
#933=VERTEX_POINT('',#2692);
#934=VERTEX_POINT('',#2693);
#935=VERTEX_POINT('',#2695);
#936=VERTEX_POINT('',#2697);
#937=VERTEX_POINT('',#2700);
#938=VERTEX_POINT('',#2703);
#939=VERTEX_POINT('',#2705);
#940=VERTEX_POINT('',#2708);
#941=VERTEX_POINT('',#2710);
#942=VERTEX_POINT('',#2712);
#943=VERTEX_POINT('',#2715);
#944=VERTEX_POINT('',#2717);
#945=VERTEX_POINT('',#2722);
#946=VERTEX_POINT('',#2723);
#947=VERTEX_POINT('',#2728);
#948=VERTEX_POINT('',#2729);
#949=VERTEX_POINT('',#2734);
#950=VERTEX_POINT('',#2735);
#951=VERTEX_POINT('',#2746);
#952=VERTEX_POINT('',#2747);
#953=VERTEX_POINT('',#2749);
#954=VERTEX_POINT('',#2751);
#955=VERTEX_POINT('',#2755);
#956=VERTEX_POINT('',#2757);
#957=VERTEX_POINT('',#2761);
#958=VERTEX_POINT('',#2765);
#959=VERTEX_POINT('',#2773);
#960=VERTEX_POINT('',#2775);
#961=VERTEX_POINT('',#2780);
#962=VERTEX_POINT('',#2782);
#963=VERTEX_POINT('',#2787);
#964=VERTEX_POINT('',#2789);
#965=VERTEX_POINT('',#2794);
#966=VERTEX_POINT('',#2796);
#967=VERTEX_POINT('',#2800);
#968=VERTEX_POINT('',#2804);
#969=VERTEX_POINT('',#2810);
#970=VERTEX_POINT('',#2812);
#971=VERTEX_POINT('',#2816);
#972=VERTEX_POINT('',#2820);
#973=VERTEX_POINT('',#2826);
#974=VERTEX_POINT('',#2828);
#975=VERTEX_POINT('',#2832);
#976=VERTEX_POINT('',#2836);
#977=VERTEX_POINT('',#2842);
#978=VERTEX_POINT('',#2844);
#979=VERTEX_POINT('',#2848);
#980=VERTEX_POINT('',#2852);
#981=VERTEX_POINT('',#2858);
#982=VERTEX_POINT('',#2860);
#983=VERTEX_POINT('',#2864);
#984=VERTEX_POINT('',#2868);
#985=VERTEX_POINT('',#2874);
#986=VERTEX_POINT('',#2876);
#987=VERTEX_POINT('',#2880);
#988=VERTEX_POINT('',#2884);
#989=VERTEX_POINT('',#2890);
#990=VERTEX_POINT('',#2892);
#991=VERTEX_POINT('',#2896);
#992=VERTEX_POINT('',#2900);
#993=VERTEX_POINT('',#2906);
#994=VERTEX_POINT('',#2908);
#995=VERTEX_POINT('',#2912);
#996=VERTEX_POINT('',#2916);
#997=EDGE_CURVE('',#831,#831,#807,.T.);
#998=EDGE_CURVE('',#831,#832,#365,.T.);
#999=EDGE_CURVE('',#833,#833,#808,.T.);
#1000=EDGE_CURVE('',#833,#831,#366,.T.);
#1001=EDGE_CURVE('',#834,#834,#809,.T.);
#1002=EDGE_CURVE('',#834,#835,#367,.T.);
#1003=EDGE_CURVE('',#836,#836,#810,.T.);
#1004=EDGE_CURVE('',#836,#834,#368,.T.);
#1005=EDGE_CURVE('',#837,#837,#811,.T.);
#1006=EDGE_CURVE('',#837,#838,#369,.T.);
#1007=EDGE_CURVE('',#839,#839,#812,.T.);
#1008=EDGE_CURVE('',#839,#837,#370,.T.);
#1009=EDGE_CURVE('',#840,#840,#813,.T.);
#1010=EDGE_CURVE('',#840,#841,#371,.T.);
#1011=EDGE_CURVE('',#842,#842,#814,.T.);
#1012=EDGE_CURVE('',#842,#840,#372,.T.);
#1013=EDGE_CURVE('',#843,#844,#373,.T.);
#1014=EDGE_CURVE('',#845,#843,#374,.T.);
#1015=EDGE_CURVE('',#846,#845,#375,.T.);
#1016=EDGE_CURVE('',#844,#846,#376,.T.);
#1017=EDGE_CURVE('',#847,#845,#377,.T.);
#1018=EDGE_CURVE('',#848,#847,#378,.T.);
#1019=EDGE_CURVE('',#848,#846,#379,.T.);
#1020=EDGE_CURVE('',#844,#849,#380,.T.);
#1021=EDGE_CURVE('',#849,#848,#381,.T.);
#1022=EDGE_CURVE('',#847,#850,#382,.T.);
#1023=EDGE_CURVE('',#851,#850,#383,.T.);
#1024=EDGE_CURVE('',#852,#851,#384,.T.);
#1025=EDGE_CURVE('',#849,#852,#385,.T.);
#1026=EDGE_CURVE('',#853,#854,#386,.T.);
#1027=EDGE_CURVE('',#854,#855,#387,.T.);
#1028=EDGE_CURVE('',#855,#856,#388,.T.);
#1029=EDGE_CURVE('',#856,#853,#389,.T.);
#1030=EDGE_CURVE('',#857,#858,#390,.T.);
#1031=EDGE_CURVE('',#858,#859,#391,.T.);
#1032=EDGE_CURVE('',#859,#860,#392,.T.);
#1033=EDGE_CURVE('',#860,#857,#393,.T.);
#1034=EDGE_CURVE('',#861,#862,#394,.T.);
#1035=EDGE_CURVE('',#862,#863,#395,.T.);
#1036=EDGE_CURVE('',#863,#864,#396,.T.);
#1037=EDGE_CURVE('',#864,#861,#397,.T.);
#1038=EDGE_CURVE('',#865,#866,#398,.T.);
#1039=EDGE_CURVE('',#866,#867,#399,.T.);
#1040=EDGE_CURVE('',#867,#868,#400,.T.);
#1041=EDGE_CURVE('',#868,#865,#401,.T.);
#1042=EDGE_CURVE('',#869,#870,#402,.T.);
#1043=EDGE_CURVE('',#870,#871,#403,.T.);
#1044=EDGE_CURVE('',#871,#872,#404,.T.);
#1045=EDGE_CURVE('',#872,#869,#405,.T.);
#1046=EDGE_CURVE('',#873,#874,#406,.T.);
#1047=EDGE_CURVE('',#874,#875,#407,.T.);
#1048=EDGE_CURVE('',#875,#876,#408,.T.);
#1049=EDGE_CURVE('',#876,#873,#409,.T.);
#1050=EDGE_CURVE('',#877,#878,#410,.T.);
#1051=EDGE_CURVE('',#878,#879,#411,.T.);
#1052=EDGE_CURVE('',#879,#880,#412,.T.);
#1053=EDGE_CURVE('',#880,#877,#413,.T.);
#1054=EDGE_CURVE('',#881,#882,#414,.T.);
#1055=EDGE_CURVE('',#882,#883,#415,.T.);
#1056=EDGE_CURVE('',#883,#884,#416,.T.);
#1057=EDGE_CURVE('',#884,#881,#417,.T.);
#1058=EDGE_CURVE('',#885,#843,#418,.T.);
#1059=EDGE_CURVE('',#885,#886,#419,.T.);
#1060=EDGE_CURVE('',#886,#887,#420,.T.);
#1061=EDGE_CURVE('',#887,#888,#421,.T.);
#1062=EDGE_CURVE('',#889,#888,#422,.T.);
#1063=EDGE_CURVE('',#889,#890,#423,.T.);
#1064=EDGE_CURVE('',#890,#891,#424,.T.);
#1065=EDGE_CURVE('',#891,#892,#425,.T.);
#1066=EDGE_CURVE('',#850,#892,#426,.T.);
#1067=EDGE_CURVE('',#893,#893,#815,.T.);
#1068=EDGE_CURVE('',#894,#894,#816,.T.);
#1069=EDGE_CURVE('',#895,#896,#427,.T.);
#1070=EDGE_CURVE('',#897,#895,#428,.T.);
#1071=EDGE_CURVE('',#898,#897,#429,.T.);
#1072=EDGE_CURVE('',#896,#898,#430,.T.);
#1073=EDGE_CURVE('',#896,#885,#431,.T.);
#1074=EDGE_CURVE('',#886,#898,#432,.T.);
#1075=EDGE_CURVE('',#887,#897,#433,.T.);
#1076=EDGE_CURVE('',#899,#895,#434,.T.);
#1077=EDGE_CURVE('',#899,#900,#435,.T.);
#1078=EDGE_CURVE('',#900,#901,#436,.T.);
#1079=EDGE_CURVE('',#901,#902,#437,.T.);
#1080=EDGE_CURVE('',#888,#902,#438,.T.);
#1081=EDGE_CURVE('',#903,#904,#439,.T.);
#1082=EDGE_CURVE('',#903,#905,#440,.T.);
#1083=EDGE_CURVE('',#906,#905,#441,.T.);
#1084=EDGE_CURVE('',#904,#906,#442,.T.);
#1085=EDGE_CURVE('',#907,#903,#443,.T.);
#1086=EDGE_CURVE('',#907,#908,#444,.T.);
#1087=EDGE_CURVE('',#905,#908,#445,.T.);
#1088=EDGE_CURVE('',#904,#909,#446,.T.);
#1089=EDGE_CURVE('',#910,#906,#447,.T.);
#1090=EDGE_CURVE('',#909,#910,#448,.T.);
#1091=EDGE_CURVE('',#909,#907,#449,.T.);
#1092=EDGE_CURVE('',#908,#910,#450,.T.);
#1093=EDGE_CURVE('',#901,#911,#451,.T.);
#1094=EDGE_CURVE('',#900,#912,#452,.T.);
#1095=EDGE_CURVE('',#912,#911,#453,.T.);
#1096=EDGE_CURVE('',#911,#913,#454,.T.);
#1097=EDGE_CURVE('',#914,#912,#455,.T.);
#1098=EDGE_CURVE('',#913,#914,#456,.T.);
#1099=EDGE_CURVE('',#914,#899,#457,.T.);
#1100=EDGE_CURVE('',#852,#913,#458,.T.);
#1101=EDGE_CURVE('',#915,#916,#459,.T.);
#1102=EDGE_CURVE('',#915,#917,#460,.T.);
#1103=EDGE_CURVE('',#918,#917,#461,.T.);
#1104=EDGE_CURVE('',#916,#918,#462,.T.);
#1105=EDGE_CURVE('',#919,#915,#463,.T.);
#1106=EDGE_CURVE('',#919,#920,#464,.T.);
#1107=EDGE_CURVE('',#917,#920,#465,.T.);
#1108=EDGE_CURVE('',#921,#919,#466,.T.);
#1109=EDGE_CURVE('',#921,#922,#467,.T.);
#1110=EDGE_CURVE('',#920,#922,#468,.T.);
#1111=EDGE_CURVE('',#916,#921,#469,.T.);
#1112=EDGE_CURVE('',#922,#918,#470,.T.);
#1113=EDGE_CURVE('',#923,#923,#817,.T.);
#1114=EDGE_CURVE('',#923,#924,#471,.T.);
#1115=EDGE_CURVE('',#924,#924,#818,.T.);
#1116=EDGE_CURVE('',#925,#925,#819,.T.);
#1117=EDGE_CURVE('',#925,#893,#472,.T.);
#1118=EDGE_CURVE('',#926,#926,#820,.T.);
#1119=EDGE_CURVE('',#926,#927,#473,.T.);
#1120=EDGE_CURVE('',#927,#927,#821,.T.);
#1121=EDGE_CURVE('',#928,#928,#822,.T.);
#1122=EDGE_CURVE('',#928,#894,#474,.T.);
#1123=EDGE_CURVE('',#929,#930,#475,.T.);
#1124=EDGE_CURVE('',#931,#930,#476,.T.);
#1125=EDGE_CURVE('',#931,#932,#477,.T.);
#1126=EDGE_CURVE('',#932,#929,#478,.T.);
#1127=EDGE_CURVE('',#929,#890,#479,.T.);
#1128=EDGE_CURVE('',#930,#889,#480,.T.);
#1129=EDGE_CURVE('',#933,#934,#481,.T.);
#1130=EDGE_CURVE('',#934,#935,#482,.T.);
#1131=EDGE_CURVE('',#935,#936,#483,.T.);
#1132=EDGE_CURVE('',#936,#933,#484,.T.);
#1133=EDGE_CURVE('',#937,#937,#823,.T.);
#1134=EDGE_CURVE('',#902,#851,#485,.T.);
#1135=EDGE_CURVE('',#892,#938,#486,.T.);
#1136=EDGE_CURVE('',#938,#939,#487,.T.);
#1137=EDGE_CURVE('',#939,#931,#488,.T.);
#1138=EDGE_CURVE('',#940,#940,#824,.T.);
#1139=EDGE_CURVE('',#941,#941,#825,.T.);
#1140=EDGE_CURVE('',#942,#942,#826,.T.);
#1141=EDGE_CURVE('',#943,#943,#827,.T.);
#1142=EDGE_CURVE('',#943,#944,#489,.T.);
#1143=EDGE_CURVE('',#937,#943,#490,.T.);
#1144=EDGE_CURVE('',#945,#946,#491,.T.);
#1145=EDGE_CURVE('',#946,#934,#492,.T.);
#1146=EDGE_CURVE('',#945,#933,#493,.T.);
#1147=EDGE_CURVE('',#947,#948,#494,.T.);
#1148=EDGE_CURVE('',#946,#947,#495,.T.);
#1149=EDGE_CURVE('',#948,#945,#496,.T.);
#1150=EDGE_CURVE('',#949,#950,#497,.T.);
#1151=EDGE_CURVE('',#891,#949,#498,.T.);
#1152=EDGE_CURVE('',#950,#932,#499,.T.);
#1153=EDGE_CURVE('',#938,#949,#500,.T.);
#1154=EDGE_CURVE('',#939,#950,#501,.T.);
#1155=EDGE_CURVE('',#947,#935,#502,.T.);
#1156=EDGE_CURVE('',#948,#936,#503,.T.);
#1157=EDGE_CURVE('',#951,#952,#504,.T.);
#1158=EDGE_CURVE('',#952,#953,#505,.T.);
#1159=EDGE_CURVE('',#953,#954,#506,.T.);
#1160=EDGE_CURVE('',#954,#951,#507,.T.);
#1161=EDGE_CURVE('',#951,#955,#508,.T.);
#1162=EDGE_CURVE('',#956,#955,#509,.T.);
#1163=EDGE_CURVE('',#952,#956,#510,.T.);
#1164=EDGE_CURVE('',#954,#957,#511,.T.);
#1165=EDGE_CURVE('',#955,#957,#512,.T.);
#1166=EDGE_CURVE('',#953,#958,#513,.T.);
#1167=EDGE_CURVE('',#957,#958,#514,.T.);
#1168=EDGE_CURVE('',#958,#956,#515,.T.);
#1169=EDGE_CURVE('',#959,#959,#828,.T.);
#1170=EDGE_CURVE('',#959,#960,#516,.T.);
#1171=EDGE_CURVE('',#940,#959,#517,.T.);
#1172=EDGE_CURVE('',#961,#961,#829,.T.);
#1173=EDGE_CURVE('',#961,#962,#518,.T.);
#1174=EDGE_CURVE('',#942,#961,#519,.T.);
#1175=EDGE_CURVE('',#963,#963,#830,.T.);
#1176=EDGE_CURVE('',#963,#964,#520,.T.);
#1177=EDGE_CURVE('',#941,#963,#521,.T.);
#1178=EDGE_CURVE('',#965,#855,#522,.T.);
#1179=EDGE_CURVE('',#966,#965,#523,.T.);
#1180=EDGE_CURVE('',#966,#856,#524,.T.);
#1181=EDGE_CURVE('',#967,#966,#525,.T.);
#1182=EDGE_CURVE('',#967,#853,#526,.T.);
#1183=EDGE_CURVE('',#968,#967,#527,.T.);
#1184=EDGE_CURVE('',#968,#854,#528,.T.);
#1185=EDGE_CURVE('',#965,#968,#529,.T.);
#1186=EDGE_CURVE('',#969,#859,#530,.T.);
#1187=EDGE_CURVE('',#970,#969,#531,.T.);
#1188=EDGE_CURVE('',#970,#860,#532,.T.);
#1189=EDGE_CURVE('',#971,#970,#533,.T.);
#1190=EDGE_CURVE('',#971,#857,#534,.T.);
#1191=EDGE_CURVE('',#972,#971,#535,.T.);
#1192=EDGE_CURVE('',#972,#858,#536,.T.);
#1193=EDGE_CURVE('',#969,#972,#537,.T.);
#1194=EDGE_CURVE('',#973,#863,#538,.T.);
#1195=EDGE_CURVE('',#974,#973,#539,.T.);
#1196=EDGE_CURVE('',#974,#864,#540,.T.);
#1197=EDGE_CURVE('',#975,#974,#541,.T.);
#1198=EDGE_CURVE('',#975,#861,#542,.T.);
#1199=EDGE_CURVE('',#976,#975,#543,.T.);
#1200=EDGE_CURVE('',#976,#862,#544,.T.);
#1201=EDGE_CURVE('',#973,#976,#545,.T.);
#1202=EDGE_CURVE('',#977,#867,#546,.T.);
#1203=EDGE_CURVE('',#978,#977,#547,.T.);
#1204=EDGE_CURVE('',#978,#868,#548,.T.);
#1205=EDGE_CURVE('',#979,#978,#549,.T.);
#1206=EDGE_CURVE('',#979,#865,#550,.T.);
#1207=EDGE_CURVE('',#980,#979,#551,.T.);
#1208=EDGE_CURVE('',#980,#866,#552,.T.);
#1209=EDGE_CURVE('',#977,#980,#553,.T.);
#1210=EDGE_CURVE('',#981,#871,#554,.T.);
#1211=EDGE_CURVE('',#982,#981,#555,.T.);
#1212=EDGE_CURVE('',#982,#872,#556,.T.);
#1213=EDGE_CURVE('',#983,#982,#557,.T.);
#1214=EDGE_CURVE('',#983,#869,#558,.T.);
#1215=EDGE_CURVE('',#984,#983,#559,.T.);
#1216=EDGE_CURVE('',#984,#870,#560,.T.);
#1217=EDGE_CURVE('',#981,#984,#561,.T.);
#1218=EDGE_CURVE('',#985,#875,#562,.T.);
#1219=EDGE_CURVE('',#986,#985,#563,.T.);
#1220=EDGE_CURVE('',#986,#876,#564,.T.);
#1221=EDGE_CURVE('',#987,#986,#565,.T.);
#1222=EDGE_CURVE('',#987,#873,#566,.T.);
#1223=EDGE_CURVE('',#988,#987,#567,.T.);
#1224=EDGE_CURVE('',#988,#874,#568,.T.);
#1225=EDGE_CURVE('',#985,#988,#569,.T.);
#1226=EDGE_CURVE('',#989,#879,#570,.T.);
#1227=EDGE_CURVE('',#990,#989,#571,.T.);
#1228=EDGE_CURVE('',#990,#880,#572,.T.);
#1229=EDGE_CURVE('',#991,#990,#573,.T.);
#1230=EDGE_CURVE('',#991,#877,#574,.T.);
#1231=EDGE_CURVE('',#992,#991,#575,.T.);
#1232=EDGE_CURVE('',#992,#878,#576,.T.);
#1233=EDGE_CURVE('',#989,#992,#577,.T.);
#1234=EDGE_CURVE('',#993,#883,#578,.T.);
#1235=EDGE_CURVE('',#994,#993,#579,.T.);
#1236=EDGE_CURVE('',#994,#884,#580,.T.);
#1237=EDGE_CURVE('',#995,#994,#581,.T.);
#1238=EDGE_CURVE('',#995,#881,#582,.T.);
#1239=EDGE_CURVE('',#996,#995,#583,.T.);
#1240=EDGE_CURVE('',#996,#882,#584,.T.);
#1241=EDGE_CURVE('',#993,#996,#585,.T.);
#1242=ORIENTED_EDGE('',*,*,#997,.F.);
#1243=ORIENTED_EDGE('',*,*,#998,.T.);
#1244=ORIENTED_EDGE('',*,*,#998,.F.);
#1245=ORIENTED_EDGE('',*,*,#999,.F.);
#1246=ORIENTED_EDGE('',*,*,#1000,.T.);
#1247=ORIENTED_EDGE('',*,*,#997,.T.);
#1248=ORIENTED_EDGE('',*,*,#1000,.F.);
#1249=ORIENTED_EDGE('',*,*,#1001,.F.);
#1250=ORIENTED_EDGE('',*,*,#1002,.T.);
#1251=ORIENTED_EDGE('',*,*,#1002,.F.);
#1252=ORIENTED_EDGE('',*,*,#1003,.F.);
#1253=ORIENTED_EDGE('',*,*,#1004,.T.);
#1254=ORIENTED_EDGE('',*,*,#1001,.T.);
#1255=ORIENTED_EDGE('',*,*,#1004,.F.);
#1256=ORIENTED_EDGE('',*,*,#1005,.F.);
#1257=ORIENTED_EDGE('',*,*,#1006,.T.);
#1258=ORIENTED_EDGE('',*,*,#1006,.F.);
#1259=ORIENTED_EDGE('',*,*,#1007,.F.);
#1260=ORIENTED_EDGE('',*,*,#1008,.T.);
#1261=ORIENTED_EDGE('',*,*,#1005,.T.);
#1262=ORIENTED_EDGE('',*,*,#1008,.F.);
#1263=ORIENTED_EDGE('',*,*,#1009,.F.);
#1264=ORIENTED_EDGE('',*,*,#1010,.T.);
#1265=ORIENTED_EDGE('',*,*,#1010,.F.);
#1266=ORIENTED_EDGE('',*,*,#1011,.F.);
#1267=ORIENTED_EDGE('',*,*,#1012,.T.);
#1268=ORIENTED_EDGE('',*,*,#1009,.T.);
#1269=ORIENTED_EDGE('',*,*,#1012,.F.);
#1270=ORIENTED_EDGE('',*,*,#1013,.F.);
#1271=ORIENTED_EDGE('',*,*,#1014,.F.);
#1272=ORIENTED_EDGE('',*,*,#1015,.F.);
#1273=ORIENTED_EDGE('',*,*,#1016,.F.);
#1274=ORIENTED_EDGE('',*,*,#1017,.F.);
#1275=ORIENTED_EDGE('',*,*,#1018,.F.);
#1276=ORIENTED_EDGE('',*,*,#1019,.T.);
#1277=ORIENTED_EDGE('',*,*,#1015,.T.);
#1278=ORIENTED_EDGE('',*,*,#1011,.T.);
#1279=ORIENTED_EDGE('',*,*,#1020,.F.);
#1280=ORIENTED_EDGE('',*,*,#1016,.T.);
#1281=ORIENTED_EDGE('',*,*,#1019,.F.);
#1282=ORIENTED_EDGE('',*,*,#1021,.F.);
#1283=ORIENTED_EDGE('',*,*,#1021,.T.);
#1284=ORIENTED_EDGE('',*,*,#1018,.T.);
#1285=ORIENTED_EDGE('',*,*,#1022,.T.);
#1286=ORIENTED_EDGE('',*,*,#1023,.F.);
#1287=ORIENTED_EDGE('',*,*,#1024,.F.);
#1288=ORIENTED_EDGE('',*,*,#1025,.F.);
#1289=ORIENTED_EDGE('',*,*,#1026,.T.);
#1290=ORIENTED_EDGE('',*,*,#1027,.T.);
#1291=ORIENTED_EDGE('',*,*,#1028,.T.);
#1292=ORIENTED_EDGE('',*,*,#1029,.T.);
#1293=ORIENTED_EDGE('',*,*,#1030,.T.);
#1294=ORIENTED_EDGE('',*,*,#1031,.T.);
#1295=ORIENTED_EDGE('',*,*,#1032,.T.);
#1296=ORIENTED_EDGE('',*,*,#1033,.T.);
#1297=ORIENTED_EDGE('',*,*,#1034,.T.);
#1298=ORIENTED_EDGE('',*,*,#1035,.T.);
#1299=ORIENTED_EDGE('',*,*,#1036,.T.);
#1300=ORIENTED_EDGE('',*,*,#1037,.T.);
#1301=ORIENTED_EDGE('',*,*,#1038,.T.);
#1302=ORIENTED_EDGE('',*,*,#1039,.T.);
#1303=ORIENTED_EDGE('',*,*,#1040,.T.);
#1304=ORIENTED_EDGE('',*,*,#1041,.T.);
#1305=ORIENTED_EDGE('',*,*,#1042,.T.);
#1306=ORIENTED_EDGE('',*,*,#1043,.T.);
#1307=ORIENTED_EDGE('',*,*,#1044,.T.);
#1308=ORIENTED_EDGE('',*,*,#1045,.T.);
#1309=ORIENTED_EDGE('',*,*,#1046,.T.);
#1310=ORIENTED_EDGE('',*,*,#1047,.T.);
#1311=ORIENTED_EDGE('',*,*,#1048,.T.);
#1312=ORIENTED_EDGE('',*,*,#1049,.T.);
#1313=ORIENTED_EDGE('',*,*,#1050,.T.);
#1314=ORIENTED_EDGE('',*,*,#1051,.T.);
#1315=ORIENTED_EDGE('',*,*,#1052,.T.);
#1316=ORIENTED_EDGE('',*,*,#1053,.T.);
#1317=ORIENTED_EDGE('',*,*,#1054,.T.);
#1318=ORIENTED_EDGE('',*,*,#1055,.T.);
#1319=ORIENTED_EDGE('',*,*,#1056,.T.);
#1320=ORIENTED_EDGE('',*,*,#1057,.T.);
#1321=ORIENTED_EDGE('',*,*,#1017,.T.);
#1322=ORIENTED_EDGE('',*,*,#1014,.T.);
#1323=ORIENTED_EDGE('',*,*,#1058,.F.);
#1324=ORIENTED_EDGE('',*,*,#1059,.T.);
#1325=ORIENTED_EDGE('',*,*,#1060,.T.);
#1326=ORIENTED_EDGE('',*,*,#1061,.T.);
#1327=ORIENTED_EDGE('',*,*,#1062,.F.);
#1328=ORIENTED_EDGE('',*,*,#1063,.T.);
#1329=ORIENTED_EDGE('',*,*,#1064,.T.);
#1330=ORIENTED_EDGE('',*,*,#1065,.T.);
#1331=ORIENTED_EDGE('',*,*,#1066,.F.);
#1332=ORIENTED_EDGE('',*,*,#1022,.F.);
#1333=ORIENTED_EDGE('',*,*,#1067,.T.);
#1334=ORIENTED_EDGE('',*,*,#1068,.T.);
#1335=ORIENTED_EDGE('',*,*,#1069,.F.);
#1336=ORIENTED_EDGE('',*,*,#1070,.F.);
#1337=ORIENTED_EDGE('',*,*,#1071,.F.);
#1338=ORIENTED_EDGE('',*,*,#1072,.F.);
#1339=ORIENTED_EDGE('',*,*,#1073,.F.);
#1340=ORIENTED_EDGE('',*,*,#1072,.T.);
#1341=ORIENTED_EDGE('',*,*,#1074,.F.);
#1342=ORIENTED_EDGE('',*,*,#1059,.F.);
#1343=ORIENTED_EDGE('',*,*,#1075,.F.);
#1344=ORIENTED_EDGE('',*,*,#1060,.F.);
#1345=ORIENTED_EDGE('',*,*,#1074,.T.);
#1346=ORIENTED_EDGE('',*,*,#1071,.T.);
#1347=ORIENTED_EDGE('',*,*,#999,.T.);
#1348=ORIENTED_EDGE('',*,*,#1070,.T.);
#1349=ORIENTED_EDGE('',*,*,#1076,.F.);
#1350=ORIENTED_EDGE('',*,*,#1077,.T.);
#1351=ORIENTED_EDGE('',*,*,#1078,.T.);
#1352=ORIENTED_EDGE('',*,*,#1079,.T.);
#1353=ORIENTED_EDGE('',*,*,#1080,.F.);
#1354=ORIENTED_EDGE('',*,*,#1061,.F.);
#1355=ORIENTED_EDGE('',*,*,#1075,.T.);
#1356=ORIENTED_EDGE('',*,*,#1081,.F.);
#1357=ORIENTED_EDGE('',*,*,#1082,.T.);
#1358=ORIENTED_EDGE('',*,*,#1083,.F.);
#1359=ORIENTED_EDGE('',*,*,#1084,.F.);
#1360=ORIENTED_EDGE('',*,*,#1085,.F.);
#1361=ORIENTED_EDGE('',*,*,#1086,.T.);
#1362=ORIENTED_EDGE('',*,*,#1087,.F.);
#1363=ORIENTED_EDGE('',*,*,#1082,.F.);
#1364=ORIENTED_EDGE('',*,*,#1088,.F.);
#1365=ORIENTED_EDGE('',*,*,#1084,.T.);
#1366=ORIENTED_EDGE('',*,*,#1089,.F.);
#1367=ORIENTED_EDGE('',*,*,#1090,.F.);
#1368=ORIENTED_EDGE('',*,*,#1091,.F.);
#1369=ORIENTED_EDGE('',*,*,#1090,.T.);
#1370=ORIENTED_EDGE('',*,*,#1092,.F.);
#1371=ORIENTED_EDGE('',*,*,#1086,.F.);
#1372=ORIENTED_EDGE('',*,*,#1087,.T.);
#1373=ORIENTED_EDGE('',*,*,#1092,.T.);
#1374=ORIENTED_EDGE('',*,*,#1089,.T.);
#1375=ORIENTED_EDGE('',*,*,#1083,.T.);
#1376=ORIENTED_EDGE('',*,*,#1007,.T.);
#1377=ORIENTED_EDGE('',*,*,#1093,.F.);
#1378=ORIENTED_EDGE('',*,*,#1078,.F.);
#1379=ORIENTED_EDGE('',*,*,#1094,.T.);
#1380=ORIENTED_EDGE('',*,*,#1095,.T.);
#1381=ORIENTED_EDGE('',*,*,#1003,.T.);
#1382=ORIENTED_EDGE('',*,*,#1096,.F.);
#1383=ORIENTED_EDGE('',*,*,#1095,.F.);
#1384=ORIENTED_EDGE('',*,*,#1097,.F.);
#1385=ORIENTED_EDGE('',*,*,#1098,.F.);
#1386=ORIENTED_EDGE('',*,*,#1099,.F.);
#1387=ORIENTED_EDGE('',*,*,#1097,.T.);
#1388=ORIENTED_EDGE('',*,*,#1094,.F.);
#1389=ORIENTED_EDGE('',*,*,#1077,.F.);
#1390=ORIENTED_EDGE('',*,*,#1020,.T.);
#1391=ORIENTED_EDGE('',*,*,#1025,.T.);
#1392=ORIENTED_EDGE('',*,*,#1100,.T.);
#1393=ORIENTED_EDGE('',*,*,#1098,.T.);
#1394=ORIENTED_EDGE('',*,*,#1099,.T.);
#1395=ORIENTED_EDGE('',*,*,#1076,.T.);
#1396=ORIENTED_EDGE('',*,*,#1069,.T.);
#1397=ORIENTED_EDGE('',*,*,#1073,.T.);
#1398=ORIENTED_EDGE('',*,*,#1058,.T.);
#1399=ORIENTED_EDGE('',*,*,#1013,.T.);
#1400=ORIENTED_EDGE('',*,*,#1081,.T.);
#1401=ORIENTED_EDGE('',*,*,#1088,.T.);
#1402=ORIENTED_EDGE('',*,*,#1091,.T.);
#1403=ORIENTED_EDGE('',*,*,#1085,.T.);
#1404=ORIENTED_EDGE('',*,*,#1101,.F.);
#1405=ORIENTED_EDGE('',*,*,#1102,.T.);
#1406=ORIENTED_EDGE('',*,*,#1103,.F.);
#1407=ORIENTED_EDGE('',*,*,#1104,.F.);
#1408=ORIENTED_EDGE('',*,*,#1105,.F.);
#1409=ORIENTED_EDGE('',*,*,#1106,.T.);
#1410=ORIENTED_EDGE('',*,*,#1107,.F.);
#1411=ORIENTED_EDGE('',*,*,#1102,.F.);
#1412=ORIENTED_EDGE('',*,*,#1108,.F.);
#1413=ORIENTED_EDGE('',*,*,#1109,.T.);
#1414=ORIENTED_EDGE('',*,*,#1110,.F.);
#1415=ORIENTED_EDGE('',*,*,#1106,.F.);
#1416=ORIENTED_EDGE('',*,*,#1111,.F.);
#1417=ORIENTED_EDGE('',*,*,#1104,.T.);
#1418=ORIENTED_EDGE('',*,*,#1112,.F.);
#1419=ORIENTED_EDGE('',*,*,#1109,.F.);
#1420=ORIENTED_EDGE('',*,*,#1113,.F.);
#1421=ORIENTED_EDGE('',*,*,#1114,.T.);
#1422=ORIENTED_EDGE('',*,*,#1115,.F.);
#1423=ORIENTED_EDGE('',*,*,#1114,.F.);
#1424=ORIENTED_EDGE('',*,*,#1116,.F.);
#1425=ORIENTED_EDGE('',*,*,#1117,.T.);
#1426=ORIENTED_EDGE('',*,*,#1067,.F.);
#1427=ORIENTED_EDGE('',*,*,#1117,.F.);
#1428=ORIENTED_EDGE('',*,*,#1118,.F.);
#1429=ORIENTED_EDGE('',*,*,#1119,.T.);
#1430=ORIENTED_EDGE('',*,*,#1120,.F.);
#1431=ORIENTED_EDGE('',*,*,#1119,.F.);
#1432=ORIENTED_EDGE('',*,*,#1121,.F.);
#1433=ORIENTED_EDGE('',*,*,#1122,.T.);
#1434=ORIENTED_EDGE('',*,*,#1068,.F.);
#1435=ORIENTED_EDGE('',*,*,#1122,.F.);
#1436=ORIENTED_EDGE('',*,*,#1123,.T.);
#1437=ORIENTED_EDGE('',*,*,#1124,.F.);
#1438=ORIENTED_EDGE('',*,*,#1125,.T.);
#1439=ORIENTED_EDGE('',*,*,#1126,.T.);
#1440=ORIENTED_EDGE('',*,*,#1116,.T.);
#1441=ORIENTED_EDGE('',*,*,#1121,.T.);
#1442=ORIENTED_EDGE('',*,*,#1123,.F.);
#1443=ORIENTED_EDGE('',*,*,#1127,.T.);
#1444=ORIENTED_EDGE('',*,*,#1063,.F.);
#1445=ORIENTED_EDGE('',*,*,#1128,.F.);
#1446=ORIENTED_EDGE('',*,*,#1129,.T.);
#1447=ORIENTED_EDGE('',*,*,#1130,.T.);
#1448=ORIENTED_EDGE('',*,*,#1131,.T.);
#1449=ORIENTED_EDGE('',*,*,#1132,.T.);
#1450=ORIENTED_EDGE('',*,*,#1133,.T.);
#1451=ORIENTED_EDGE('',*,*,#1124,.T.);
#1452=ORIENTED_EDGE('',*,*,#1128,.T.);
#1453=ORIENTED_EDGE('',*,*,#1062,.T.);
#1454=ORIENTED_EDGE('',*,*,#1080,.T.);
#1455=ORIENTED_EDGE('',*,*,#1134,.T.);
#1456=ORIENTED_EDGE('',*,*,#1023,.T.);
#1457=ORIENTED_EDGE('',*,*,#1066,.T.);
#1458=ORIENTED_EDGE('',*,*,#1135,.T.);
#1459=ORIENTED_EDGE('',*,*,#1136,.T.);
#1460=ORIENTED_EDGE('',*,*,#1137,.T.);
#1461=ORIENTED_EDGE('',*,*,#1138,.T.);
#1462=ORIENTED_EDGE('',*,*,#1139,.T.);
#1463=ORIENTED_EDGE('',*,*,#1140,.T.);
#1464=ORIENTED_EDGE('',*,*,#1141,.F.);
#1465=ORIENTED_EDGE('',*,*,#1142,.T.);
#1466=ORIENTED_EDGE('',*,*,#1142,.F.);
#1467=ORIENTED_EDGE('',*,*,#1133,.F.);
#1468=ORIENTED_EDGE('',*,*,#1143,.T.);
#1469=ORIENTED_EDGE('',*,*,#1141,.T.);
#1470=ORIENTED_EDGE('',*,*,#1143,.F.);
#1471=ORIENTED_EDGE('',*,*,#1144,.T.);
#1472=ORIENTED_EDGE('',*,*,#1145,.T.);
#1473=ORIENTED_EDGE('',*,*,#1129,.F.);
#1474=ORIENTED_EDGE('',*,*,#1146,.F.);
#1475=ORIENTED_EDGE('',*,*,#1147,.F.);
#1476=ORIENTED_EDGE('',*,*,#1148,.F.);
#1477=ORIENTED_EDGE('',*,*,#1144,.F.);
#1478=ORIENTED_EDGE('',*,*,#1149,.F.);
#1479=ORIENTED_EDGE('',*,*,#1150,.F.);
#1480=ORIENTED_EDGE('',*,*,#1151,.F.);
#1481=ORIENTED_EDGE('',*,*,#1064,.F.);
#1482=ORIENTED_EDGE('',*,*,#1127,.F.);
#1483=ORIENTED_EDGE('',*,*,#1126,.F.);
#1484=ORIENTED_EDGE('',*,*,#1152,.F.);
#1485=ORIENTED_EDGE('',*,*,#1136,.F.);
#1486=ORIENTED_EDGE('',*,*,#1153,.T.);
#1487=ORIENTED_EDGE('',*,*,#1150,.T.);
#1488=ORIENTED_EDGE('',*,*,#1154,.F.);
#1489=ORIENTED_EDGE('',*,*,#1103,.T.);
#1490=ORIENTED_EDGE('',*,*,#1107,.T.);
#1491=ORIENTED_EDGE('',*,*,#1110,.T.);
#1492=ORIENTED_EDGE('',*,*,#1112,.T.);
#1493=ORIENTED_EDGE('',*,*,#1115,.T.);
#1494=ORIENTED_EDGE('',*,*,#1120,.T.);
#1495=ORIENTED_EDGE('',*,*,#1148,.T.);
#1496=ORIENTED_EDGE('',*,*,#1155,.T.);
#1497=ORIENTED_EDGE('',*,*,#1130,.F.);
#1498=ORIENTED_EDGE('',*,*,#1145,.F.);
#1499=ORIENTED_EDGE('',*,*,#1101,.T.);
#1500=ORIENTED_EDGE('',*,*,#1111,.T.);
#1501=ORIENTED_EDGE('',*,*,#1108,.T.);
#1502=ORIENTED_EDGE('',*,*,#1105,.T.);
#1503=ORIENTED_EDGE('',*,*,#1113,.T.);
#1504=ORIENTED_EDGE('',*,*,#1118,.T.);
#1505=ORIENTED_EDGE('',*,*,#1132,.F.);
#1506=ORIENTED_EDGE('',*,*,#1156,.F.);
#1507=ORIENTED_EDGE('',*,*,#1149,.T.);
#1508=ORIENTED_EDGE('',*,*,#1146,.T.);
#1509=ORIENTED_EDGE('',*,*,#1157,.T.);
#1510=ORIENTED_EDGE('',*,*,#1158,.T.);
#1511=ORIENTED_EDGE('',*,*,#1159,.T.);
#1512=ORIENTED_EDGE('',*,*,#1160,.T.);
#1513=ORIENTED_EDGE('',*,*,#1157,.F.);
#1514=ORIENTED_EDGE('',*,*,#1161,.T.);
#1515=ORIENTED_EDGE('',*,*,#1162,.F.);
#1516=ORIENTED_EDGE('',*,*,#1163,.F.);
#1517=ORIENTED_EDGE('',*,*,#1160,.F.);
#1518=ORIENTED_EDGE('',*,*,#1164,.T.);
#1519=ORIENTED_EDGE('',*,*,#1165,.F.);
#1520=ORIENTED_EDGE('',*,*,#1161,.F.);
#1521=ORIENTED_EDGE('',*,*,#1159,.F.);
#1522=ORIENTED_EDGE('',*,*,#1166,.T.);
#1523=ORIENTED_EDGE('',*,*,#1167,.F.);
#1524=ORIENTED_EDGE('',*,*,#1164,.F.);
#1525=ORIENTED_EDGE('',*,*,#1158,.F.);
#1526=ORIENTED_EDGE('',*,*,#1163,.T.);
#1527=ORIENTED_EDGE('',*,*,#1168,.F.);
#1528=ORIENTED_EDGE('',*,*,#1166,.F.);
#1529=ORIENTED_EDGE('',*,*,#1151,.T.);
#1530=ORIENTED_EDGE('',*,*,#1153,.F.);
#1531=ORIENTED_EDGE('',*,*,#1135,.F.);
#1532=ORIENTED_EDGE('',*,*,#1065,.F.);
#1533=ORIENTED_EDGE('',*,*,#1154,.T.);
#1534=ORIENTED_EDGE('',*,*,#1152,.T.);
#1535=ORIENTED_EDGE('',*,*,#1125,.F.);
#1536=ORIENTED_EDGE('',*,*,#1137,.F.);
#1537=ORIENTED_EDGE('',*,*,#1169,.F.);
#1538=ORIENTED_EDGE('',*,*,#1170,.T.);
#1539=ORIENTED_EDGE('',*,*,#1170,.F.);
#1540=ORIENTED_EDGE('',*,*,#1138,.F.);
#1541=ORIENTED_EDGE('',*,*,#1171,.T.);
#1542=ORIENTED_EDGE('',*,*,#1169,.T.);
#1543=ORIENTED_EDGE('',*,*,#1171,.F.);
#1544=ORIENTED_EDGE('',*,*,#1172,.F.);
#1545=ORIENTED_EDGE('',*,*,#1173,.T.);
#1546=ORIENTED_EDGE('',*,*,#1173,.F.);
#1547=ORIENTED_EDGE('',*,*,#1140,.F.);
#1548=ORIENTED_EDGE('',*,*,#1174,.T.);
#1549=ORIENTED_EDGE('',*,*,#1172,.T.);
#1550=ORIENTED_EDGE('',*,*,#1174,.F.);
#1551=ORIENTED_EDGE('',*,*,#1175,.F.);
#1552=ORIENTED_EDGE('',*,*,#1176,.T.);
#1553=ORIENTED_EDGE('',*,*,#1176,.F.);
#1554=ORIENTED_EDGE('',*,*,#1139,.F.);
#1555=ORIENTED_EDGE('',*,*,#1177,.T.);
#1556=ORIENTED_EDGE('',*,*,#1175,.T.);
#1557=ORIENTED_EDGE('',*,*,#1177,.F.);
#1558=ORIENTED_EDGE('',*,*,#1028,.F.);
#1559=ORIENTED_EDGE('',*,*,#1178,.F.);
#1560=ORIENTED_EDGE('',*,*,#1179,.F.);
#1561=ORIENTED_EDGE('',*,*,#1180,.T.);
#1562=ORIENTED_EDGE('',*,*,#1029,.F.);
#1563=ORIENTED_EDGE('',*,*,#1180,.F.);
#1564=ORIENTED_EDGE('',*,*,#1181,.F.);
#1565=ORIENTED_EDGE('',*,*,#1182,.T.);
#1566=ORIENTED_EDGE('',*,*,#1026,.F.);
#1567=ORIENTED_EDGE('',*,*,#1182,.F.);
#1568=ORIENTED_EDGE('',*,*,#1183,.F.);
#1569=ORIENTED_EDGE('',*,*,#1184,.T.);
#1570=ORIENTED_EDGE('',*,*,#1027,.F.);
#1571=ORIENTED_EDGE('',*,*,#1184,.F.);
#1572=ORIENTED_EDGE('',*,*,#1185,.F.);
#1573=ORIENTED_EDGE('',*,*,#1178,.T.);
#1574=ORIENTED_EDGE('',*,*,#1032,.F.);
#1575=ORIENTED_EDGE('',*,*,#1186,.F.);
#1576=ORIENTED_EDGE('',*,*,#1187,.F.);
#1577=ORIENTED_EDGE('',*,*,#1188,.T.);
#1578=ORIENTED_EDGE('',*,*,#1033,.F.);
#1579=ORIENTED_EDGE('',*,*,#1188,.F.);
#1580=ORIENTED_EDGE('',*,*,#1189,.F.);
#1581=ORIENTED_EDGE('',*,*,#1190,.T.);
#1582=ORIENTED_EDGE('',*,*,#1030,.F.);
#1583=ORIENTED_EDGE('',*,*,#1190,.F.);
#1584=ORIENTED_EDGE('',*,*,#1191,.F.);
#1585=ORIENTED_EDGE('',*,*,#1192,.T.);
#1586=ORIENTED_EDGE('',*,*,#1031,.F.);
#1587=ORIENTED_EDGE('',*,*,#1192,.F.);
#1588=ORIENTED_EDGE('',*,*,#1193,.F.);
#1589=ORIENTED_EDGE('',*,*,#1186,.T.);
#1590=ORIENTED_EDGE('',*,*,#1036,.F.);
#1591=ORIENTED_EDGE('',*,*,#1194,.F.);
#1592=ORIENTED_EDGE('',*,*,#1195,.F.);
#1593=ORIENTED_EDGE('',*,*,#1196,.T.);
#1594=ORIENTED_EDGE('',*,*,#1037,.F.);
#1595=ORIENTED_EDGE('',*,*,#1196,.F.);
#1596=ORIENTED_EDGE('',*,*,#1197,.F.);
#1597=ORIENTED_EDGE('',*,*,#1198,.T.);
#1598=ORIENTED_EDGE('',*,*,#1034,.F.);
#1599=ORIENTED_EDGE('',*,*,#1198,.F.);
#1600=ORIENTED_EDGE('',*,*,#1199,.F.);
#1601=ORIENTED_EDGE('',*,*,#1200,.T.);
#1602=ORIENTED_EDGE('',*,*,#1035,.F.);
#1603=ORIENTED_EDGE('',*,*,#1200,.F.);
#1604=ORIENTED_EDGE('',*,*,#1201,.F.);
#1605=ORIENTED_EDGE('',*,*,#1194,.T.);
#1606=ORIENTED_EDGE('',*,*,#1040,.F.);
#1607=ORIENTED_EDGE('',*,*,#1202,.F.);
#1608=ORIENTED_EDGE('',*,*,#1203,.F.);
#1609=ORIENTED_EDGE('',*,*,#1204,.T.);
#1610=ORIENTED_EDGE('',*,*,#1041,.F.);
#1611=ORIENTED_EDGE('',*,*,#1204,.F.);
#1612=ORIENTED_EDGE('',*,*,#1205,.F.);
#1613=ORIENTED_EDGE('',*,*,#1206,.T.);
#1614=ORIENTED_EDGE('',*,*,#1038,.F.);
#1615=ORIENTED_EDGE('',*,*,#1206,.F.);
#1616=ORIENTED_EDGE('',*,*,#1207,.F.);
#1617=ORIENTED_EDGE('',*,*,#1208,.T.);
#1618=ORIENTED_EDGE('',*,*,#1039,.F.);
#1619=ORIENTED_EDGE('',*,*,#1208,.F.);
#1620=ORIENTED_EDGE('',*,*,#1209,.F.);
#1621=ORIENTED_EDGE('',*,*,#1202,.T.);
#1622=ORIENTED_EDGE('',*,*,#1044,.F.);
#1623=ORIENTED_EDGE('',*,*,#1210,.F.);
#1624=ORIENTED_EDGE('',*,*,#1211,.F.);
#1625=ORIENTED_EDGE('',*,*,#1212,.T.);
#1626=ORIENTED_EDGE('',*,*,#1045,.F.);
#1627=ORIENTED_EDGE('',*,*,#1212,.F.);
#1628=ORIENTED_EDGE('',*,*,#1213,.F.);
#1629=ORIENTED_EDGE('',*,*,#1214,.T.);
#1630=ORIENTED_EDGE('',*,*,#1042,.F.);
#1631=ORIENTED_EDGE('',*,*,#1214,.F.);
#1632=ORIENTED_EDGE('',*,*,#1215,.F.);
#1633=ORIENTED_EDGE('',*,*,#1216,.T.);
#1634=ORIENTED_EDGE('',*,*,#1043,.F.);
#1635=ORIENTED_EDGE('',*,*,#1216,.F.);
#1636=ORIENTED_EDGE('',*,*,#1217,.F.);
#1637=ORIENTED_EDGE('',*,*,#1210,.T.);
#1638=ORIENTED_EDGE('',*,*,#1048,.F.);
#1639=ORIENTED_EDGE('',*,*,#1218,.F.);
#1640=ORIENTED_EDGE('',*,*,#1219,.F.);
#1641=ORIENTED_EDGE('',*,*,#1220,.T.);
#1642=ORIENTED_EDGE('',*,*,#1049,.F.);
#1643=ORIENTED_EDGE('',*,*,#1220,.F.);
#1644=ORIENTED_EDGE('',*,*,#1221,.F.);
#1645=ORIENTED_EDGE('',*,*,#1222,.T.);
#1646=ORIENTED_EDGE('',*,*,#1046,.F.);
#1647=ORIENTED_EDGE('',*,*,#1222,.F.);
#1648=ORIENTED_EDGE('',*,*,#1223,.F.);
#1649=ORIENTED_EDGE('',*,*,#1224,.T.);
#1650=ORIENTED_EDGE('',*,*,#1047,.F.);
#1651=ORIENTED_EDGE('',*,*,#1224,.F.);
#1652=ORIENTED_EDGE('',*,*,#1225,.F.);
#1653=ORIENTED_EDGE('',*,*,#1218,.T.);
#1654=ORIENTED_EDGE('',*,*,#1052,.F.);
#1655=ORIENTED_EDGE('',*,*,#1226,.F.);
#1656=ORIENTED_EDGE('',*,*,#1227,.F.);
#1657=ORIENTED_EDGE('',*,*,#1228,.T.);
#1658=ORIENTED_EDGE('',*,*,#1053,.F.);
#1659=ORIENTED_EDGE('',*,*,#1228,.F.);
#1660=ORIENTED_EDGE('',*,*,#1229,.F.);
#1661=ORIENTED_EDGE('',*,*,#1230,.T.);
#1662=ORIENTED_EDGE('',*,*,#1050,.F.);
#1663=ORIENTED_EDGE('',*,*,#1230,.F.);
#1664=ORIENTED_EDGE('',*,*,#1231,.F.);
#1665=ORIENTED_EDGE('',*,*,#1232,.T.);
#1666=ORIENTED_EDGE('',*,*,#1051,.F.);
#1667=ORIENTED_EDGE('',*,*,#1232,.F.);
#1668=ORIENTED_EDGE('',*,*,#1233,.F.);
#1669=ORIENTED_EDGE('',*,*,#1226,.T.);
#1670=ORIENTED_EDGE('',*,*,#1056,.F.);
#1671=ORIENTED_EDGE('',*,*,#1234,.F.);
#1672=ORIENTED_EDGE('',*,*,#1235,.F.);
#1673=ORIENTED_EDGE('',*,*,#1236,.T.);
#1674=ORIENTED_EDGE('',*,*,#1057,.F.);
#1675=ORIENTED_EDGE('',*,*,#1236,.F.);
#1676=ORIENTED_EDGE('',*,*,#1237,.F.);
#1677=ORIENTED_EDGE('',*,*,#1238,.T.);
#1678=ORIENTED_EDGE('',*,*,#1054,.F.);
#1679=ORIENTED_EDGE('',*,*,#1238,.F.);
#1680=ORIENTED_EDGE('',*,*,#1239,.F.);
#1681=ORIENTED_EDGE('',*,*,#1240,.T.);
#1682=ORIENTED_EDGE('',*,*,#1055,.F.);
#1683=ORIENTED_EDGE('',*,*,#1240,.F.);
#1684=ORIENTED_EDGE('',*,*,#1241,.F.);
#1685=ORIENTED_EDGE('',*,*,#1234,.T.);
#1686=ORIENTED_EDGE('',*,*,#1096,.T.);
#1687=ORIENTED_EDGE('',*,*,#1100,.F.);
#1688=ORIENTED_EDGE('',*,*,#1024,.T.);
#1689=ORIENTED_EDGE('',*,*,#1134,.F.);
#1690=ORIENTED_EDGE('',*,*,#1079,.F.);
#1691=ORIENTED_EDGE('',*,*,#1093,.T.);
#1692=ORIENTED_EDGE('',*,*,#1162,.T.);
#1693=ORIENTED_EDGE('',*,*,#1165,.T.);
#1694=ORIENTED_EDGE('',*,*,#1167,.T.);
#1695=ORIENTED_EDGE('',*,*,#1168,.T.);
#1696=ORIENTED_EDGE('',*,*,#1131,.F.);
#1697=ORIENTED_EDGE('',*,*,#1155,.F.);
#1698=ORIENTED_EDGE('',*,*,#1147,.T.);
#1699=ORIENTED_EDGE('',*,*,#1156,.T.);
#1700=ORIENTED_EDGE('',*,*,#1239,.T.);
#1701=ORIENTED_EDGE('',*,*,#1237,.T.);
#1702=ORIENTED_EDGE('',*,*,#1235,.T.);
#1703=ORIENTED_EDGE('',*,*,#1241,.T.);
#1704=ORIENTED_EDGE('',*,*,#1231,.T.);
#1705=ORIENTED_EDGE('',*,*,#1229,.T.);
#1706=ORIENTED_EDGE('',*,*,#1227,.T.);
#1707=ORIENTED_EDGE('',*,*,#1233,.T.);
#1708=ORIENTED_EDGE('',*,*,#1223,.T.);
#1709=ORIENTED_EDGE('',*,*,#1221,.T.);
#1710=ORIENTED_EDGE('',*,*,#1219,.T.);
#1711=ORIENTED_EDGE('',*,*,#1225,.T.);
#1712=ORIENTED_EDGE('',*,*,#1215,.T.);
#1713=ORIENTED_EDGE('',*,*,#1213,.T.);
#1714=ORIENTED_EDGE('',*,*,#1211,.T.);
#1715=ORIENTED_EDGE('',*,*,#1217,.T.);
#1716=ORIENTED_EDGE('',*,*,#1207,.T.);
#1717=ORIENTED_EDGE('',*,*,#1205,.T.);
#1718=ORIENTED_EDGE('',*,*,#1203,.T.);
#1719=ORIENTED_EDGE('',*,*,#1209,.T.);
#1720=ORIENTED_EDGE('',*,*,#1199,.T.);
#1721=ORIENTED_EDGE('',*,*,#1197,.T.);
#1722=ORIENTED_EDGE('',*,*,#1195,.T.);
#1723=ORIENTED_EDGE('',*,*,#1201,.T.);
#1724=ORIENTED_EDGE('',*,*,#1191,.T.);
#1725=ORIENTED_EDGE('',*,*,#1189,.T.);
#1726=ORIENTED_EDGE('',*,*,#1187,.T.);
#1727=ORIENTED_EDGE('',*,*,#1193,.T.);
#1728=ORIENTED_EDGE('',*,*,#1183,.T.);
#1729=ORIENTED_EDGE('',*,*,#1181,.T.);
#1730=ORIENTED_EDGE('',*,*,#1179,.T.);
#1731=ORIENTED_EDGE('',*,*,#1185,.T.);
#1732=CONICAL_SURFACE('',#1846,0.5,1.02974425867665);
#1733=CONICAL_SURFACE('',#1850,0.5,1.02974425867665);
#1734=CONICAL_SURFACE('',#1854,0.5,1.02974425867665);
#1735=CONICAL_SURFACE('',#1858,0.5,1.02974425867665);
#1736=CONICAL_SURFACE('',#1903,0.75,1.02974425867665);
#1737=CONICAL_SURFACE('',#1918,0.75,1.02974425867665);
#1738=CONICAL_SURFACE('',#1921,0.75,1.02974425867665);
#1739=CONICAL_SURFACE('',#1924,0.75,1.02974425867665);
#1740=ADVANCED_FACE('',(#145),#1732,.F.);
#1741=ADVANCED_FACE('',(#146),#133,.F.);
#1742=ADVANCED_FACE('',(#147),#1733,.F.);
#1743=ADVANCED_FACE('',(#148),#134,.F.);
#1744=ADVANCED_FACE('',(#149),#1734,.F.);
#1745=ADVANCED_FACE('',(#150),#135,.F.);
#1746=ADVANCED_FACE('',(#151),#1735,.F.);
#1747=ADVANCED_FACE('',(#152),#136,.F.);
#1748=ADVANCED_FACE('',(#153),#62,.T.);
#1749=ADVANCED_FACE('',(#154,#24),#63,.T.);
#1750=ADVANCED_FACE('',(#155),#64,.T.);
#1751=ADVANCED_FACE('',(#156,#25,#26,#27,#28,#29,#30,#31,#32),#65,.T.);
#1752=ADVANCED_FACE('',(#157,#33,#34),#66,.T.);
#1753=ADVANCED_FACE('',(#158),#67,.T.);
#1754=ADVANCED_FACE('',(#159),#68,.T.);
#1755=ADVANCED_FACE('',(#160,#35),#69,.T.);
#1756=ADVANCED_FACE('',(#161),#70,.T.);
#1757=ADVANCED_FACE('',(#162),#71,.T.);
#1758=ADVANCED_FACE('',(#163),#72,.T.);
#1759=ADVANCED_FACE('',(#164),#73,.T.);
#1760=ADVANCED_FACE('',(#165),#74,.T.);
#1761=ADVANCED_FACE('',(#166,#36),#75,.T.);
#1762=ADVANCED_FACE('',(#167,#37),#76,.T.);
#1763=ADVANCED_FACE('',(#168),#77,.T.);
#1764=ADVANCED_FACE('',(#169),#78,.T.);
#1765=ADVANCED_FACE('',(#170,#38),#79,.T.);
#1766=ADVANCED_FACE('',(#171),#80,.F.);
#1767=ADVANCED_FACE('',(#172),#81,.F.);
#1768=ADVANCED_FACE('',(#173),#82,.F.);
#1769=ADVANCED_FACE('',(#174),#83,.F.);
#1770=ADVANCED_FACE('',(#175),#137,.F.);
#1771=ADVANCED_FACE('',(#176),#138,.F.);
#1772=ADVANCED_FACE('',(#177),#139,.F.);
#1773=ADVANCED_FACE('',(#178),#140,.F.);
#1774=ADVANCED_FACE('',(#179,#39,#40),#84,.F.);
#1775=ADVANCED_FACE('',(#180),#85,.F.);
#1776=ADVANCED_FACE('',(#181,#41,#42,#43,#44,#45),#86,.T.);
#1777=ADVANCED_FACE('',(#182),#1736,.F.);
#1778=ADVANCED_FACE('',(#183),#141,.F.);
#1779=ADVANCED_FACE('',(#184),#87,.T.);
#1780=ADVANCED_FACE('',(#185),#88,.F.);
#1781=ADVANCED_FACE('',(#186),#89,.F.);
#1782=ADVANCED_FACE('',(#187,#46,#47,#48),#90,.F.);
#1783=ADVANCED_FACE('',(#188,#49,#50,#51),#91,.T.);
#1784=ADVANCED_FACE('',(#189,#52),#92,.T.);
#1785=ADVANCED_FACE('',(#190),#93,.F.);
#1786=ADVANCED_FACE('',(#191),#94,.F.);
#1787=ADVANCED_FACE('',(#192),#95,.F.);
#1788=ADVANCED_FACE('',(#193),#96,.F.);
#1789=ADVANCED_FACE('',(#194),#97,.F.);
#1790=ADVANCED_FACE('',(#195),#98,.F.);
#1791=ADVANCED_FACE('',(#196),#1737,.F.);
#1792=ADVANCED_FACE('',(#197),#142,.F.);
#1793=ADVANCED_FACE('',(#198),#1738,.F.);
#1794=ADVANCED_FACE('',(#199),#143,.F.);
#1795=ADVANCED_FACE('',(#200),#1739,.F.);
#1796=ADVANCED_FACE('',(#201),#144,.F.);
#1797=ADVANCED_FACE('',(#202),#99,.F.);
#1798=ADVANCED_FACE('',(#203),#100,.F.);
#1799=ADVANCED_FACE('',(#204),#101,.F.);
#1800=ADVANCED_FACE('',(#205),#102,.F.);
#1801=ADVANCED_FACE('',(#206),#103,.F.);
#1802=ADVANCED_FACE('',(#207),#104,.F.);
#1803=ADVANCED_FACE('',(#208),#105,.F.);
#1804=ADVANCED_FACE('',(#209),#106,.F.);
#1805=ADVANCED_FACE('',(#210),#107,.F.);
#1806=ADVANCED_FACE('',(#211),#108,.F.);
#1807=ADVANCED_FACE('',(#212),#109,.F.);
#1808=ADVANCED_FACE('',(#213),#110,.F.);
#1809=ADVANCED_FACE('',(#214),#111,.F.);
#1810=ADVANCED_FACE('',(#215),#112,.F.);
#1811=ADVANCED_FACE('',(#216),#113,.F.);
#1812=ADVANCED_FACE('',(#217),#114,.F.);
#1813=ADVANCED_FACE('',(#218),#115,.F.);
#1814=ADVANCED_FACE('',(#219),#116,.F.);
#1815=ADVANCED_FACE('',(#220),#117,.F.);
#1816=ADVANCED_FACE('',(#221),#118,.F.);
#1817=ADVANCED_FACE('',(#222),#119,.F.);
#1818=ADVANCED_FACE('',(#223),#120,.F.);
#1819=ADVANCED_FACE('',(#224),#121,.F.);
#1820=ADVANCED_FACE('',(#225),#122,.F.);
#1821=ADVANCED_FACE('',(#226),#123,.F.);
#1822=ADVANCED_FACE('',(#227),#124,.F.);
#1823=ADVANCED_FACE('',(#228),#125,.F.);
#1824=ADVANCED_FACE('',(#229),#126,.F.);
#1825=ADVANCED_FACE('',(#230),#127,.F.);
#1826=ADVANCED_FACE('',(#231),#128,.F.);
#1827=ADVANCED_FACE('',(#232),#129,.F.);
#1828=ADVANCED_FACE('',(#233),#130,.F.);
#1829=ADVANCED_FACE('',(#234,#53),#131,.T.);
#1830=ADVANCED_FACE('',(#235,#54,#55,#56,#57,#58,#59,#60,#61),#132,.T.);
#1831=CLOSED_SHELL('',(#1740,#1741,#1742,#1743,#1744,#1745,#1746,#1747,
#1748,#1749,#1750,#1751,#1752,#1753,#1754,#1755,#1756,#1757,#1758,#1759,
#1760,#1761,#1762,#1763,#1764,#1765,#1766,#1767,#1768,#1769,#1770,#1771,
#1772,#1773,#1774,#1775,#1776,#1777,#1778,#1779,#1780,#1781,#1782,#1783,
#1784,#1785,#1786,#1787,#1788,#1789,#1790,#1791,#1792,#1793,#1794,#1795,
#1796,#1797,#1798,#1799,#1800,#1801,#1802,#1803,#1804,#1805,#1806,#1807,
#1808,#1809,#1810,#1811,#1812,#1813,#1814,#1815,#1816,#1817,#1818,#1819,
#1820,#1821,#1822,#1823,#1824,#1825,#1826,#1827,#1828,#1829,#1830));
#1832=DERIVED_UNIT_ELEMENT(#1834,1.);
#1833=DERIVED_UNIT_ELEMENT(#2931,-3.);
#1834=(
MASS_UNIT()
NAMED_UNIT(*)
SI_UNIT(.KILO.,.GRAM.)
);
#1835=DERIVED_UNIT((#1832,#1833));
#1836=MEASURE_REPRESENTATION_ITEM('density measure',
POSITIVE_RATIO_MEASURE(7850.),#1835);
#1837=PROPERTY_DEFINITION_REPRESENTATION(#1842,#1839);
#1838=PROPERTY_DEFINITION_REPRESENTATION(#1843,#1840);
#1839=REPRESENTATION('material name',(#1841),#2928);
#1840=REPRESENTATION('density',(#1836),#2928);
#1841=DESCRIPTIVE_REPRESENTATION_ITEM('Steel','Steel');
#1842=PROPERTY_DEFINITION('material property','material name',#2943);
#1843=PROPERTY_DEFINITION('material property','density of part',#2943);
#1844=AXIS2_PLACEMENT_3D('',#2419,#1962,#1963);
#1845=AXIS2_PLACEMENT_3D('',#2420,#1964,#1965);
#1846=AXIS2_PLACEMENT_3D('',#2421,#1966,#1967);
#1847=AXIS2_PLACEMENT_3D('',#2423,#1968,#1969);
#1848=AXIS2_PLACEMENT_3D('',#2426,#1971,#1972);
#1849=AXIS2_PLACEMENT_3D('',#2428,#1973,#1974);
#1850=AXIS2_PLACEMENT_3D('',#2430,#1976,#1977);
#1851=AXIS2_PLACEMENT_3D('',#2432,#1978,#1979);
#1852=AXIS2_PLACEMENT_3D('',#2435,#1981,#1982);
#1853=AXIS2_PLACEMENT_3D('',#2437,#1983,#1984);
#1854=AXIS2_PLACEMENT_3D('',#2439,#1986,#1987);
#1855=AXIS2_PLACEMENT_3D('',#2441,#1988,#1989);
#1856=AXIS2_PLACEMENT_3D('',#2444,#1991,#1992);
#1857=AXIS2_PLACEMENT_3D('',#2446,#1993,#1994);
#1858=AXIS2_PLACEMENT_3D('',#2448,#1996,#1997);
#1859=AXIS2_PLACEMENT_3D('',#2450,#1998,#1999);
#1860=AXIS2_PLACEMENT_3D('',#2453,#2001,#2002);
#1861=AXIS2_PLACEMENT_3D('',#2455,#2003,#2004);
#1862=AXIS2_PLACEMENT_3D('',#2457,#2006,#2007);
#1863=AXIS2_PLACEMENT_3D('',#2466,#2012,#2013);
#1864=AXIS2_PLACEMENT_3D('',#2472,#2017,#2018);
#1865=AXIS2_PLACEMENT_3D('',#2476,#2021,#2022);
#1866=AXIS2_PLACEMENT_3D('',#2548,#2059,#2060);
#1867=AXIS2_PLACEMENT_3D('',#2567,#2070,#2071);
#1868=AXIS2_PLACEMENT_3D('',#2569,#2072,#2073);
#1869=AXIS2_PLACEMENT_3D('',#2570,#2074,#2075);
#1870=AXIS2_PLACEMENT_3D('',#2579,#2080,#2081);
#1871=AXIS2_PLACEMENT_3D('',#2582,#2084,#2085);
#1872=AXIS2_PLACEMENT_3D('',#2584,#2087,#2088);
#1873=AXIS2_PLACEMENT_3D('',#2594,#2094,#2095);
#1874=AXIS2_PLACEMENT_3D('',#2603,#2100,#2101);
#1875=AXIS2_PLACEMENT_3D('',#2609,#2105,#2106);
#1876=AXIS2_PLACEMENT_3D('',#2615,#2110,#2111);
#1877=AXIS2_PLACEMENT_3D('',#2618,#2114,#2115);
#1878=AXIS2_PLACEMENT_3D('',#2619,#2116,#2117);
#1879=AXIS2_PLACEMENT_3D('',#2625,#2121,#2122);
#1880=AXIS2_PLACEMENT_3D('',#2631,#2126,#2127);
#1881=AXIS2_PLACEMENT_3D('',#2633,#2129,#2130);
#1882=AXIS2_PLACEMENT_3D('',#2635,#2132,#2133);
#1883=AXIS2_PLACEMENT_3D('',#2644,#2138,#2139);
#1884=AXIS2_PLACEMENT_3D('',#2650,#2143,#2144);
#1885=AXIS2_PLACEMENT_3D('',#2656,#2148,#2149);
#1886=AXIS2_PLACEMENT_3D('',#2659,#2152,#2153);
#1887=AXIS2_PLACEMENT_3D('',#2661,#2154,#2155);
#1888=AXIS2_PLACEMENT_3D('',#2664,#2157,#2158);
#1889=AXIS2_PLACEMENT_3D('',#2665,#2159,#2160);
#1890=AXIS2_PLACEMENT_3D('',#2667,#2161,#2162);
#1891=AXIS2_PLACEMENT_3D('',#2669,#2164,#2165);
#1892=AXIS2_PLACEMENT_3D('',#2671,#2166,#2167);
#1893=AXIS2_PLACEMENT_3D('',#2674,#2169,#2170);
#1894=AXIS2_PLACEMENT_3D('',#2675,#2171,#2172);
#1895=AXIS2_PLACEMENT_3D('',#2677,#2173,#2174);
#1896=AXIS2_PLACEMENT_3D('',#2679,#2176,#2177);
#1897=AXIS2_PLACEMENT_3D('',#2688,#2182,#2183);
#1898=AXIS2_PLACEMENT_3D('',#2691,#2186,#2187);
#1899=AXIS2_PLACEMENT_3D('',#2701,#2192,#2193);
#1900=AXIS2_PLACEMENT_3D('',#2709,#2198,#2199);
#1901=AXIS2_PLACEMENT_3D('',#2711,#2200,#2201);
#1902=AXIS2_PLACEMENT_3D('',#2713,#2202,#2203);
#1903=AXIS2_PLACEMENT_3D('',#2714,#2204,#2205);
#1904=AXIS2_PLACEMENT_3D('',#2716,#2206,#2207);
#1905=AXIS2_PLACEMENT_3D('',#2719,#2209,#2210);
#1906=AXIS2_PLACEMENT_3D('',#2721,#2212,#2213);
#1907=AXIS2_PLACEMENT_3D('',#2727,#2217,#2218);
#1908=AXIS2_PLACEMENT_3D('',#2733,#2222,#2223);
#1909=AXIS2_PLACEMENT_3D('',#2739,#2227,#2228);
#1910=AXIS2_PLACEMENT_3D('',#2742,#2231,#2232);
#1911=AXIS2_PLACEMENT_3D('',#2744,#2234,#2235);
#1912=AXIS2_PLACEMENT_3D('',#2754,#2241,#2242);
#1913=AXIS2_PLACEMENT_3D('',#2760,#2246,#2247);
#1914=AXIS2_PLACEMENT_3D('',#2764,#2250,#2251);
#1915=AXIS2_PLACEMENT_3D('',#2768,#2254,#2255);
#1916=AXIS2_PLACEMENT_3D('',#2770,#2257,#2258);
#1917=AXIS2_PLACEMENT_3D('',#2771,#2259,#2260);
#1918=AXIS2_PLACEMENT_3D('',#2772,#2261,#2262);
#1919=AXIS2_PLACEMENT_3D('',#2774,#2263,#2264);
#1920=AXIS2_PLACEMENT_3D('',#2777,#2266,#2267);
#1921=AXIS2_PLACEMENT_3D('',#2779,#2269,#2270);
#1922=AXIS2_PLACEMENT_3D('',#2781,#2271,#2272);
#1923=AXIS2_PLACEMENT_3D('',#2784,#2274,#2275);
#1924=AXIS2_PLACEMENT_3D('',#2786,#2277,#2278);
#1925=AXIS2_PLACEMENT_3D('',#2788,#2279,#2280);
#1926=AXIS2_PLACEMENT_3D('',#2791,#2282,#2283);
#1927=AXIS2_PLACEMENT_3D('',#2793,#2285,#2286);
#1928=AXIS2_PLACEMENT_3D('',#2799,#2290,#2291);
#1929=AXIS2_PLACEMENT_3D('',#2803,#2294,#2295);
#1930=AXIS2_PLACEMENT_3D('',#2807,#2298,#2299);
#1931=AXIS2_PLACEMENT_3D('',#2809,#2301,#2302);
#1932=AXIS2_PLACEMENT_3D('',#2815,#2306,#2307);
#1933=AXIS2_PLACEMENT_3D('',#2819,#2310,#2311);
#1934=AXIS2_PLACEMENT_3D('',#2823,#2314,#2315);
#1935=AXIS2_PLACEMENT_3D('',#2825,#2317,#2318);
#1936=AXIS2_PLACEMENT_3D('',#2831,#2322,#2323);
#1937=AXIS2_PLACEMENT_3D('',#2835,#2326,#2327);
#1938=AXIS2_PLACEMENT_3D('',#2839,#2330,#2331);
#1939=AXIS2_PLACEMENT_3D('',#2841,#2333,#2334);
#1940=AXIS2_PLACEMENT_3D('',#2847,#2338,#2339);
#1941=AXIS2_PLACEMENT_3D('',#2851,#2342,#2343);
#1942=AXIS2_PLACEMENT_3D('',#2855,#2346,#2347);
#1943=AXIS2_PLACEMENT_3D('',#2857,#2349,#2350);
#1944=AXIS2_PLACEMENT_3D('',#2863,#2354,#2355);
#1945=AXIS2_PLACEMENT_3D('',#2867,#2358,#2359);
#1946=AXIS2_PLACEMENT_3D('',#2871,#2362,#2363);
#1947=AXIS2_PLACEMENT_3D('',#2873,#2365,#2366);
#1948=AXIS2_PLACEMENT_3D('',#2879,#2370,#2371);
#1949=AXIS2_PLACEMENT_3D('',#2883,#2374,#2375);
#1950=AXIS2_PLACEMENT_3D('',#2887,#2378,#2379);
#1951=AXIS2_PLACEMENT_3D('',#2889,#2381,#2382);
#1952=AXIS2_PLACEMENT_3D('',#2895,#2386,#2387);
#1953=AXIS2_PLACEMENT_3D('',#2899,#2390,#2391);
#1954=AXIS2_PLACEMENT_3D('',#2903,#2394,#2395);
#1955=AXIS2_PLACEMENT_3D('',#2905,#2397,#2398);
#1956=AXIS2_PLACEMENT_3D('',#2911,#2402,#2403);
#1957=AXIS2_PLACEMENT_3D('',#2915,#2406,#2407);
#1958=AXIS2_PLACEMENT_3D('',#2919,#2410,#2411);
#1959=AXIS2_PLACEMENT_3D('',#2921,#2413,#2414);
#1960=AXIS2_PLACEMENT_3D('',#2922,#2415,#2416);
#1961=AXIS2_PLACEMENT_3D('',#2923,#2417,#2418);
#1962=DIRECTION('axis',(0.,0.,1.));
#1963=DIRECTION('refdir',(1.,0.,0.));
#1964=DIRECTION('axis',(0.,0.,1.));
#1965=DIRECTION('refdir',(1.,0.,0.));
#1966=DIRECTION('center_axis',(0.,0.,1.));
#1967=DIRECTION('ref_axis',(1.,0.,0.));
#1968=DIRECTION('center_axis',(0.,0.,-1.));
#1969=DIRECTION('ref_axis',(1.,0.,0.));
#1970=DIRECTION('',(0.857167300702112,-1.04972719113862E-16,-0.515038074910054));
#1971=DIRECTION('center_axis',(0.,0.,-1.));
#1972=DIRECTION('ref_axis',(1.,0.,0.));
#1973=DIRECTION('center_axis',(0.,0.,-1.));
#1974=DIRECTION('ref_axis',(1.,0.,0.));
#1975=DIRECTION('',(0.,0.,-1.));
#1976=DIRECTION('center_axis',(0.,0.,1.));
#1977=DIRECTION('ref_axis',(1.,0.,0.));
#1978=DIRECTION('center_axis',(0.,0.,-1.));
#1979=DIRECTION('ref_axis',(1.,0.,0.));
#1980=DIRECTION('',(0.857167300702112,-1.04972719113862E-16,-0.515038074910054));
#1981=DIRECTION('center_axis',(0.,0.,-1.));
#1982=DIRECTION('ref_axis',(1.,0.,0.));
#1983=DIRECTION('center_axis',(0.,0.,-1.));
#1984=DIRECTION('ref_axis',(1.,0.,0.));
#1985=DIRECTION('',(0.,0.,-1.));
#1986=DIRECTION('center_axis',(0.,0.,1.));
#1987=DIRECTION('ref_axis',(1.,0.,0.));
#1988=DIRECTION('center_axis',(0.,0.,-1.));
#1989=DIRECTION('ref_axis',(1.,0.,0.));
#1990=DIRECTION('',(0.857167300702112,-1.04972719113862E-16,-0.515038074910054));
#1991=DIRECTION('center_axis',(0.,0.,-1.));
#1992=DIRECTION('ref_axis',(1.,0.,0.));
#1993=DIRECTION('center_axis',(0.,0.,-1.));
#1994=DIRECTION('ref_axis',(1.,0.,0.));
#1995=DIRECTION('',(0.,0.,-1.));
#1996=DIRECTION('center_axis',(0.,0.,1.));
#1997=DIRECTION('ref_axis',(1.,0.,0.));
#1998=DIRECTION('center_axis',(0.,0.,-1.));
#1999=DIRECTION('ref_axis',(1.,0.,0.));
#2000=DIRECTION('',(0.857167300702112,-1.04972719113862E-16,-0.515038074910054));
#2001=DIRECTION('center_axis',(0.,0.,-1.));
#2002=DIRECTION('ref_axis',(1.,0.,0.));
#2003=DIRECTION('center_axis',(0.,0.,-1.));
#2004=DIRECTION('ref_axis',(1.,0.,0.));
#2005=DIRECTION('',(0.,0.,-1.));
#2006=DIRECTION('center_axis',(-1.,0.,0.));
#2007=DIRECTION('ref_axis',(0.,-1.,0.));
#2008=DIRECTION('',(0.,1.,0.));
#2009=DIRECTION('',(0.,0.,-1.));
#2010=DIRECTION('',(0.,-1.,0.));
#2011=DIRECTION('',(0.,0.,1.));
#2012=DIRECTION('center_axis',(0.,0.,1.));
#2013=DIRECTION('ref_axis',(1.,0.,0.));
#2014=DIRECTION('',(-1.,0.,0.));
#2015=DIRECTION('',(0.,-1.,0.));
#2016=DIRECTION('',(-1.,0.,0.));
#2017=DIRECTION('center_axis',(0.,1.,0.));
#2018=DIRECTION('ref_axis',(-1.,0.,0.));
#2019=DIRECTION('',(1.,0.,0.));
#2020=DIRECTION('',(0.,0.,1.));
#2021=DIRECTION('center_axis',(-1.,0.,0.));
#2022=DIRECTION('ref_axis',(0.,-1.,0.));
#2023=DIRECTION('',(0.,0.,1.));
#2024=DIRECTION('',(0.,-1.,0.));
#2025=DIRECTION('',(0.,0.,1.));
#2026=DIRECTION('',(0.,1.,0.));
#2027=DIRECTION('',(0.,0.,1.));
#2028=DIRECTION('',(0.,-1.,0.));
#2029=DIRECTION('',(0.,0.,-1.));
#2030=DIRECTION('',(0.,1.,0.));
#2031=DIRECTION('',(0.,0.,1.));
#2032=DIRECTION('',(0.,-1.,0.));
#2033=DIRECTION('',(0.,0.,-1.));
#2034=DIRECTION('',(0.,1.,0.));
#2035=DIRECTION('',(0.,0.,1.));
#2036=DIRECTION('',(0.,-1.,0.));
#2037=DIRECTION('',(0.,0.,-1.));
#2038=DIRECTION('',(0.,1.,0.));
#2039=DIRECTION('',(0.,0.,1.));
#2040=DIRECTION('',(0.,-1.,0.));
#2041=DIRECTION('',(0.,0.,-1.));
#2042=DIRECTION('',(0.,1.,0.));
#2043=DIRECTION('',(0.,0.,1.));
#2044=DIRECTION('',(0.,-1.,0.));
#2045=DIRECTION('',(0.,0.,-1.));
#2046=DIRECTION('',(0.,1.,0.));
#2047=DIRECTION('',(0.,0.,1.));
#2048=DIRECTION('',(0.,-1.,0.));
#2049=DIRECTION('',(0.,0.,-1.));
#2050=DIRECTION('',(0.,1.,0.));
#2051=DIRECTION('',(0.,0.,1.));
#2052=DIRECTION('',(0.,-1.,0.));
#2053=DIRECTION('',(0.,0.,-1.));
#2054=DIRECTION('',(0.,1.,0.));
#2055=DIRECTION('',(0.,0.,1.));
#2056=DIRECTION('',(0.,-1.,0.));
#2057=DIRECTION('',(0.,0.,-1.));
#2058=DIRECTION('',(0.,1.,0.));
#2059=DIRECTION('center_axis',(0.,1.,0.));
#2060=DIRECTION('ref_axis',(-1.,0.,0.));
#2061=DIRECTION('',(1.,0.,0.));
#2062=DIRECTION('',(0.,0.,1.));
#2063=DIRECTION('',(-1.,0.,0.));
#2064=DIRECTION('',(0.,0.,1.));
#2065=DIRECTION('',(-1.,0.,0.));
#2066=DIRECTION('',(0.,0.,-1.));
#2067=DIRECTION('',(1.,0.,0.));
#2068=DIRECTION('',(0.,0.,1.));
#2069=DIRECTION('',(-1.,0.,0.));
#2070=DIRECTION('center_axis',(0.,-1.,0.));
#2071=DIRECTION('ref_axis',(0.,0.,-1.));
#2072=DIRECTION('center_axis',(0.,-1.,0.));
#2073=DIRECTION('ref_axis',(0.,0.,-1.));
#2074=DIRECTION('center_axis',(0.,1.,0.));
#2075=DIRECTION('ref_axis',(-1.,0.,0.));
#2076=DIRECTION('',(1.,0.,0.));
#2077=DIRECTION('',(0.,0.,-1.));
#2078=DIRECTION('',(-1.,0.,0.));
#2079=DIRECTION('',(0.,0.,1.));
#2080=DIRECTION('center_axis',(1.,0.,0.));
#2081=DIRECTION('ref_axis',(0.,1.,0.));
#2082=DIRECTION('',(0.,-1.,0.));
#2083=DIRECTION('',(0.,1.,0.));
#2084=DIRECTION('center_axis',(0.,0.,1.));
#2085=DIRECTION('ref_axis',(1.,0.,0.));
#2086=DIRECTION('',(0.,1.,0.));
#2087=DIRECTION('center_axis',(1.,0.,0.));
#2088=DIRECTION('ref_axis',(0.,1.,0.));
#2089=DIRECTION('',(0.,-1.,0.));
#2090=DIRECTION('',(0.,0.,1.));
#2091=DIRECTION('',(0.,1.,0.));
#2092=DIRECTION('',(0.,0.,1.));
#2093=DIRECTION('',(0.,1.,0.));
#2094=DIRECTION('center_axis',(0.,-1.,0.));
#2095=DIRECTION('ref_axis',(1.,0.,0.));
#2096=DIRECTION('',(-1.,0.,0.));
#2097=DIRECTION('',(0.,0.,1.));
#2098=DIRECTION('',(1.,0.,0.));
#2099=DIRECTION('',(0.,0.,1.));
#2100=DIRECTION('center_axis',(1.,0.,0.));
#2101=DIRECTION('ref_axis',(0.,1.,0.));
#2102=DIRECTION('',(0.,-1.,0.));
#2103=DIRECTION('',(0.,0.,1.));
#2104=DIRECTION('',(0.,1.,0.));
#2105=DIRECTION('center_axis',(-1.,0.,0.));
#2106=DIRECTION('ref_axis',(0.,-1.,0.));
#2107=DIRECTION('',(0.,1.,0.));
#2108=DIRECTION('',(0.,-1.,0.));
#2109=DIRECTION('',(0.,0.,1.));
#2110=DIRECTION('center_axis',(0.,1.,0.));
#2111=DIRECTION('ref_axis',(-1.,0.,0.));
#2112=DIRECTION('',(1.,0.,0.));
#2113=DIRECTION('',(-1.,0.,0.));
#2114=DIRECTION('center_axis',(0.,0.,1.));
#2115=DIRECTION('ref_axis',(1.,0.,0.));
#2116=DIRECTION('center_axis',(0.,0.,1.));
#2117=DIRECTION('ref_axis',(1.,0.,0.));
#2118=DIRECTION('',(1.,0.,0.));
#2119=DIRECTION('',(1.,0.,0.));
#2120=DIRECTION('',(0.,1.,0.));
#2121=DIRECTION('center_axis',(1.,0.,0.));
#2122=DIRECTION('ref_axis',(0.,1.,0.));
#2123=DIRECTION('',(0.,0.,-1.));
#2124=DIRECTION('',(0.,0.,1.));
#2125=DIRECTION('',(0.,-1.,0.));
#2126=DIRECTION('center_axis',(0.,-1.,0.));
#2127=DIRECTION('ref_axis',(1.,0.,0.));
#2128=DIRECTION('',(-1.,0.,0.));
#2129=DIRECTION('center_axis',(0.,0.,1.));
#2130=DIRECTION('ref_axis',(1.,0.,0.));
#2131=DIRECTION('',(-1.,0.,0.));
#2132=DIRECTION('center_axis',(0.,0.,-1.));
#2133=DIRECTION('ref_axis',(-1.,0.,0.));
#2134=DIRECTION('',(-1.,0.,0.));
#2135=DIRECTION('',(0.,1.,0.));
#2136=DIRECTION('',(1.,0.,0.));
#2137=DIRECTION('',(0.,1.,0.));
#2138=DIRECTION('center_axis',(1.,0.,0.));
#2139=DIRECTION('ref_axis',(0.,0.,-1.));
#2140=DIRECTION('',(0.,0.,-1.));
#2141=DIRECTION('',(0.,1.,0.));
#2142=DIRECTION('',(0.,0.,1.));
#2143=DIRECTION('center_axis',(0.,0.,1.));
#2144=DIRECTION('ref_axis',(1.,0.,0.));
#2145=DIRECTION('',(1.,0.,0.));
#2146=DIRECTION('',(0.,1.,0.));
#2147=DIRECTION('',(-1.,0.,0.));
#2148=DIRECTION('center_axis',(-1.,0.,0.));
#2149=DIRECTION('ref_axis',(0.,0.,1.));
#2150=DIRECTION('',(0.,0.,1.));
#2151=DIRECTION('',(0.,0.,-1.));
#2152=DIRECTION('center_axis',(0.,1.,0.));
#2153=DIRECTION('ref_axis',(0.,0.,-1.));
#2154=DIRECTION('center_axis',(0.,1.,0.));
#2155=DIRECTION('ref_axis',(0.,0.,-1.));
#2156=DIRECTION('',(0.,1.,0.));
#2157=DIRECTION('center_axis',(0.,-1.,0.));
#2158=DIRECTION('ref_axis',(0.,0.,-1.));
#2159=DIRECTION('center_axis',(0.,1.,0.));
#2160=DIRECTION('ref_axis',(0.,0.,-1.));
#2161=DIRECTION('center_axis',(0.,1.,0.));
#2162=DIRECTION('ref_axis',(0.,0.,-1.));
#2163=DIRECTION('',(0.,1.,0.));
#2164=DIRECTION('center_axis',(0.,1.,0.));
#2165=DIRECTION('ref_axis',(0.,0.,-1.));
#2166=DIRECTION('center_axis',(0.,1.,0.));
#2167=DIRECTION('ref_axis',(0.,0.,-1.));
#2168=DIRECTION('',(0.,1.,0.));
#2169=DIRECTION('center_axis',(0.,-1.,0.));
#2170=DIRECTION('ref_axis',(0.,0.,-1.));
#2171=DIRECTION('center_axis',(0.,1.,0.));
#2172=DIRECTION('ref_axis',(0.,0.,-1.));
#2173=DIRECTION('center_axis',(0.,1.,0.));
#2174=DIRECTION('ref_axis',(0.,0.,-1.));
#2175=DIRECTION('',(0.,1.,0.));
#2176=DIRECTION('center_axis',(0.,1.,0.));
#2177=DIRECTION('ref_axis',(1.,0.,0.));
#2178=DIRECTION('',(0.,0.,1.));
#2179=DIRECTION('',(1.,0.,0.));
#2180=DIRECTION('',(0.,0.,-1.));
#2181=DIRECTION('',(1.,0.,0.));
#2182=DIRECTION('center_axis',(-1.,0.,0.));
#2183=DIRECTION('ref_axis',(0.,1.,0.));
#2184=DIRECTION('',(0.,1.,0.));
#2185=DIRECTION('',(0.,1.,0.));
#2186=DIRECTION('center_axis',(0.,0.,1.));
#2187=DIRECTION('ref_axis',(1.,0.,0.));
#2188=DIRECTION('',(0.,-1.,0.));
#2189=DIRECTION('',(1.,0.,0.));
#2190=DIRECTION('',(0.,1.,0.));
#2191=DIRECTION('',(-1.,0.,0.));
#2192=DIRECTION('center_axis',(0.,0.,-1.));
#2193=DIRECTION('ref_axis',(1.,0.,0.));
#2194=DIRECTION('',(1.,0.,0.));
#2195=DIRECTION('',(0.,-1.,0.));
#2196=DIRECTION('',(-1.,0.,0.));
#2197=DIRECTION('',(0.,1.,0.));
#2198=DIRECTION('center_axis',(0.,0.,-1.));
#2199=DIRECTION('ref_axis',(1.,0.,0.));
#2200=DIRECTION('center_axis',(0.,0.,-1.));
#2201=DIRECTION('ref_axis',(1.,0.,0.));
#2202=DIRECTION('center_axis',(0.,0.,-1.));
#2203=DIRECTION('ref_axis',(1.,0.,0.));
#2204=DIRECTION('center_axis',(0.,0.,1.));
#2205=DIRECTION('ref_axis',(1.,0.,0.));
#2206=DIRECTION('center_axis',(0.,0.,-1.));
#2207=DIRECTION('ref_axis',(1.,0.,0.));
#2208=DIRECTION('',(0.857167300702112,-1.04972719113862E-16,-0.515038074910054));
#2209=DIRECTION('center_axis',(0.,0.,-1.));
#2210=DIRECTION('ref_axis',(1.,0.,0.));
#2211=DIRECTION('',(0.,0.,-1.));
#2212=DIRECTION('center_axis',(-1.,0.,0.));
#2213=DIRECTION('ref_axis',(0.,-1.,0.));
#2214=DIRECTION('',(0.,-1.,0.));
#2215=DIRECTION('',(0.,0.,1.));
#2216=DIRECTION('',(0.,0.,1.));
#2217=DIRECTION('center_axis',(0.,0.,1.));
#2218=DIRECTION('ref_axis',(1.,0.,0.));
#2219=DIRECTION('',(0.,1.,0.));
#2220=DIRECTION('',(1.,0.,0.));
#2221=DIRECTION('',(-1.,0.,0.));
#2222=DIRECTION('center_axis',(0.,0.,-1.));
#2223=DIRECTION('ref_axis',(-1.,0.,0.));
#2224=DIRECTION('',(-1.,0.,0.));
#2225=DIRECTION('',(0.,-1.,0.));
#2226=DIRECTION('',(0.,1.,0.));
#2227=DIRECTION('center_axis',(0.,-1.,0.));
#2228=DIRECTION('ref_axis',(-1.,0.,0.));
#2229=DIRECTION('',(0.,0.,-1.));
#2230=DIRECTION('',(0.,0.,-1.));
#2231=DIRECTION('center_axis',(0.,-1.,0.));
#2232=DIRECTION('ref_axis',(1.,0.,0.));
#2233=DIRECTION('',(0.,0.,1.));
#2234=DIRECTION('center_axis',(0.,1.,0.));
#2235=DIRECTION('ref_axis',(-1.,0.,0.));
#2236=DIRECTION('',(0.,0.,1.));
#2237=DIRECTION('',(1.,0.,0.));
#2238=DIRECTION('',(0.,0.,1.));
#2239=DIRECTION('',(-1.,0.,0.));
#2240=DIRECTION('',(0.,0.,-1.));
#2241=DIRECTION('center_axis',(0.,0.,-1.));
#2242=DIRECTION('ref_axis',(1.,0.,0.));
#2243=DIRECTION('',(0.,-1.,0.));
#2244=DIRECTION('',(-1.,0.,0.));
#2245=DIRECTION('',(0.,-1.,0.));
#2246=DIRECTION('center_axis',(-1.,0.,0.));
#2247=DIRECTION('ref_axis',(0.,0.,-1.));
#2248=DIRECTION('',(0.,-1.,0.));
#2249=DIRECTION('',(0.,0.,1.));
#2250=DIRECTION('center_axis',(0.,0.,1.));
#2251=DIRECTION('ref_axis',(-1.,0.,0.));
#2252=DIRECTION('',(0.,-1.,0.));
#2253=DIRECTION('',(1.,0.,0.));
#2254=DIRECTION('center_axis',(1.,0.,0.));
#2255=DIRECTION('ref_axis',(0.,0.,1.));
#2256=DIRECTION('',(0.,0.,-1.));
#2257=DIRECTION('center_axis',(1.,0.,0.));
#2258=DIRECTION('ref_axis',(0.,-1.,0.));
#2259=DIRECTION('center_axis',(-1.,0.,0.));
#2260=DIRECTION('ref_axis',(0.,1.,0.));
#2261=DIRECTION('center_axis',(0.,0.,1.));
#2262=DIRECTION('ref_axis',(1.,0.,0.));
#2263=DIRECTION('center_axis',(0.,0.,-1.));
#2264=DIRECTION('ref_axis',(1.,0.,0.));
#2265=DIRECTION('',(0.857167300702112,-1.04972719113862E-16,-0.515038074910054));
#2266=DIRECTION('center_axis',(0.,0.,-1.));
#2267=DIRECTION('ref_axis',(1.,0.,0.));
#2268=DIRECTION('',(0.,0.,-1.));
#2269=DIRECTION('center_axis',(0.,0.,1.));
#2270=DIRECTION('ref_axis',(1.,0.,0.));
#2271=DIRECTION('center_axis',(0.,0.,-1.));
#2272=DIRECTION('ref_axis',(1.,0.,0.));
#2273=DIRECTION('',(0.857167300702112,-1.04972719113862E-16,-0.515038074910054));
#2274=DIRECTION('center_axis',(0.,0.,-1.));
#2275=DIRECTION('ref_axis',(1.,0.,0.));
#2276=DIRECTION('',(0.,0.,-1.));
#2277=DIRECTION('center_axis',(0.,0.,1.));
#2278=DIRECTION('ref_axis',(1.,0.,0.));
#2279=DIRECTION('center_axis',(0.,0.,-1.));
#2280=DIRECTION('ref_axis',(1.,0.,0.));
#2281=DIRECTION('',(0.857167300702112,-1.04972719113862E-16,-0.515038074910054));
#2282=DIRECTION('center_axis',(0.,0.,-1.));
#2283=DIRECTION('ref_axis',(1.,0.,0.));
#2284=DIRECTION('',(0.,0.,-1.));
#2285=DIRECTION('center_axis',(0.,-1.,0.));
#2286=DIRECTION('ref_axis',(0.,0.,1.));
#2287=DIRECTION('',(-1.,0.,0.));
#2288=DIRECTION('',(0.,0.,1.));
#2289=DIRECTION('',(-1.,0.,0.));
#2290=DIRECTION('center_axis',(0.,0.,-1.));
#2291=DIRECTION('ref_axis',(0.,-1.,0.));
#2292=DIRECTION('',(0.,-1.,0.));
#2293=DIRECTION('',(-1.,0.,0.));
#2294=DIRECTION('center_axis',(0.,1.,0.));
#2295=DIRECTION('ref_axis',(0.,0.,-1.));
#2296=DIRECTION('',(0.,0.,-1.));
#2297=DIRECTION('',(-1.,0.,0.));
#2298=DIRECTION('center_axis',(0.,0.,1.));
#2299=DIRECTION('ref_axis',(0.,1.,0.));
#2300=DIRECTION('',(0.,1.,0.));
#2301=DIRECTION('center_axis',(0.,-1.,0.));
#2302=DIRECTION('ref_axis',(0.,0.,1.));
#2303=DIRECTION('',(-1.,0.,0.));
#2304=DIRECTION('',(0.,0.,1.));
#2305=DIRECTION('',(-1.,0.,0.));
#2306=DIRECTION('center_axis',(0.,0.,-1.));
#2307=DIRECTION('ref_axis',(0.,-1.,0.));
#2308=DIRECTION('',(0.,-1.,0.));
#2309=DIRECTION('',(-1.,0.,0.));
#2310=DIRECTION('center_axis',(0.,1.,0.));
#2311=DIRECTION('ref_axis',(0.,0.,-1.));
#2312=DIRECTION('',(0.,0.,-1.));
#2313=DIRECTION('',(-1.,0.,0.));
#2314=DIRECTION('center_axis',(0.,0.,1.));
#2315=DIRECTION('ref_axis',(0.,1.,0.));
#2316=DIRECTION('',(0.,1.,0.));
#2317=DIRECTION('center_axis',(0.,-1.,0.));
#2318=DIRECTION('ref_axis',(0.,0.,1.));
#2319=DIRECTION('',(-1.,0.,0.));
#2320=DIRECTION('',(0.,0.,1.));
#2321=DIRECTION('',(-1.,0.,0.));
#2322=DIRECTION('center_axis',(0.,0.,-1.));
#2323=DIRECTION('ref_axis',(0.,-1.,0.));
#2324=DIRECTION('',(0.,-1.,0.));
#2325=DIRECTION('',(-1.,0.,0.));
#2326=DIRECTION('center_axis',(0.,1.,0.));
#2327=DIRECTION('ref_axis',(0.,0.,-1.));
#2328=DIRECTION('',(0.,0.,-1.));
#2329=DIRECTION('',(-1.,0.,0.));
#2330=DIRECTION('center_axis',(0.,0.,1.));
#2331=DIRECTION('ref_axis',(0.,1.,0.));
#2332=DIRECTION('',(0.,1.,0.));
#2333=DIRECTION('center_axis',(0.,-1.,0.));
#2334=DIRECTION('ref_axis',(0.,0.,1.));
#2335=DIRECTION('',(-1.,0.,0.));
#2336=DIRECTION('',(0.,0.,1.));
#2337=DIRECTION('',(-1.,0.,0.));
#2338=DIRECTION('center_axis',(0.,0.,-1.));
#2339=DIRECTION('ref_axis',(0.,-1.,0.));
#2340=DIRECTION('',(0.,-1.,0.));
#2341=DIRECTION('',(-1.,0.,0.));
#2342=DIRECTION('center_axis',(0.,1.,0.));
#2343=DIRECTION('ref_axis',(0.,0.,-1.));
#2344=DIRECTION('',(0.,0.,-1.));
#2345=DIRECTION('',(-1.,0.,0.));
#2346=DIRECTION('center_axis',(0.,0.,1.));
#2347=DIRECTION('ref_axis',(0.,1.,0.));
#2348=DIRECTION('',(0.,1.,0.));
#2349=DIRECTION('center_axis',(0.,-1.,0.));
#2350=DIRECTION('ref_axis',(0.,0.,1.));
#2351=DIRECTION('',(-1.,0.,0.));
#2352=DIRECTION('',(0.,0.,1.));
#2353=DIRECTION('',(-1.,0.,0.));
#2354=DIRECTION('center_axis',(0.,0.,-1.));
#2355=DIRECTION('ref_axis',(0.,-1.,0.));
#2356=DIRECTION('',(0.,-1.,0.));
#2357=DIRECTION('',(-1.,0.,0.));
#2358=DIRECTION('center_axis',(0.,1.,0.));
#2359=DIRECTION('ref_axis',(0.,0.,-1.));
#2360=DIRECTION('',(0.,0.,-1.));
#2361=DIRECTION('',(-1.,0.,0.));
#2362=DIRECTION('center_axis',(0.,0.,1.));
#2363=DIRECTION('ref_axis',(0.,1.,0.));
#2364=DIRECTION('',(0.,1.,0.));
#2365=DIRECTION('center_axis',(0.,-1.,0.));
#2366=DIRECTION('ref_axis',(0.,0.,1.));
#2367=DIRECTION('',(-1.,0.,0.));
#2368=DIRECTION('',(0.,0.,1.));
#2369=DIRECTION('',(-1.,0.,0.));
#2370=DIRECTION('center_axis',(0.,0.,-1.));
#2371=DIRECTION('ref_axis',(0.,-1.,0.));
#2372=DIRECTION('',(0.,-1.,0.));
#2373=DIRECTION('',(-1.,0.,0.));
#2374=DIRECTION('center_axis',(0.,1.,0.));
#2375=DIRECTION('ref_axis',(0.,0.,-1.));
#2376=DIRECTION('',(0.,0.,-1.));
#2377=DIRECTION('',(-1.,0.,0.));
#2378=DIRECTION('center_axis',(0.,0.,1.));
#2379=DIRECTION('ref_axis',(0.,1.,0.));
#2380=DIRECTION('',(0.,1.,0.));
#2381=DIRECTION('center_axis',(0.,-1.,0.));
#2382=DIRECTION('ref_axis',(0.,0.,1.));
#2383=DIRECTION('',(-1.,0.,0.));
#2384=DIRECTION('',(0.,0.,1.));
#2385=DIRECTION('',(-1.,0.,0.));
#2386=DIRECTION('center_axis',(0.,0.,-1.));
#2387=DIRECTION('ref_axis',(0.,-1.,0.));
#2388=DIRECTION('',(0.,-1.,0.));
#2389=DIRECTION('',(-1.,0.,0.));
#2390=DIRECTION('center_axis',(0.,1.,0.));
#2391=DIRECTION('ref_axis',(0.,0.,-1.));
#2392=DIRECTION('',(0.,0.,-1.));
#2393=DIRECTION('',(-1.,0.,0.));
#2394=DIRECTION('center_axis',(0.,0.,1.));
#2395=DIRECTION('ref_axis',(0.,1.,0.));
#2396=DIRECTION('',(0.,1.,0.));
#2397=DIRECTION('center_axis',(0.,-1.,0.));
#2398=DIRECTION('ref_axis',(0.,0.,1.));
#2399=DIRECTION('',(-1.,0.,0.));
#2400=DIRECTION('',(0.,0.,1.));
#2401=DIRECTION('',(-1.,0.,0.));
#2402=DIRECTION('center_axis',(0.,0.,-1.));
#2403=DIRECTION('ref_axis',(0.,-1.,0.));
#2404=DIRECTION('',(0.,-1.,0.));
#2405=DIRECTION('',(-1.,0.,0.));
#2406=DIRECTION('center_axis',(0.,1.,0.));
#2407=DIRECTION('ref_axis',(0.,0.,-1.));
#2408=DIRECTION('',(0.,0.,-1.));
#2409=DIRECTION('',(-1.,0.,0.));
#2410=DIRECTION('center_axis',(0.,0.,1.));
#2411=DIRECTION('ref_axis',(0.,1.,0.));
#2412=DIRECTION('',(0.,1.,0.));
#2413=DIRECTION('center_axis',(0.,-1.,0.));
#2414=DIRECTION('ref_axis',(1.,0.,0.));
#2415=DIRECTION('center_axis',(1.,0.,0.));
#2416=DIRECTION('ref_axis',(0.,1.,0.));
#2417=DIRECTION('',(0.,0.,1.));
#2418=DIRECTION('',(1.,0.,0.));
#2419=CARTESIAN_POINT('',(0.,0.,0.));
#2420=CARTESIAN_POINT('',(0.,0.,0.));
#2421=CARTESIAN_POINT('Origin',(6.25888240964126,6.98264839079132,6.69956969048622));
#2422=CARTESIAN_POINT('',(5.25888240964126,6.98264839079132,7.));
#2423=CARTESIAN_POINT('Origin',(6.25888240964126,6.98264839079132,7.));
#2424=CARTESIAN_POINT('',(6.25888240964126,6.98264839079132,6.39913938097244));
#2425=CARTESIAN_POINT('',(5.75888240964126,6.98264839079132,6.69956969048622));
#2426=CARTESIAN_POINT('Origin',(6.25888240964126,6.98264839079132,17.));
#2427=CARTESIAN_POINT('',(5.25888240964126,6.98264839079132,27.));
#2428=CARTESIAN_POINT('Origin',(6.25888240964126,6.98264839079132,27.));
#2429=CARTESIAN_POINT('',(5.25888240964126,6.98264839079132,17.));
#2430=CARTESIAN_POINT('Origin',(6.2873770736736,49.2099392085732,6.69956969048622));
#2431=CARTESIAN_POINT('',(5.2873770736736,49.2099392085732,7.));
#2432=CARTESIAN_POINT('Origin',(6.2873770736736,49.2099392085732,7.));
#2433=CARTESIAN_POINT('',(6.2873770736736,49.2099392085732,6.39913938097244));
#2434=CARTESIAN_POINT('',(5.7873770736736,49.2099392085732,6.69956969048622));
#2435=CARTESIAN_POINT('Origin',(6.2873770736736,49.2099392085732,17.));
#2436=CARTESIAN_POINT('',(5.2873770736736,49.2099392085732,27.));
#2437=CARTESIAN_POINT('Origin',(6.2873770736736,49.2099392085732,27.));
#2438=CARTESIAN_POINT('',(5.2873770736736,49.2099392085732,17.));
#2439=CARTESIAN_POINT('Origin',(90.9938370899634,49.5184509029264,6.69956969048622));
#2440=CARTESIAN_POINT('',(89.9938370899634,49.5184509029264,7.));
#2441=CARTESIAN_POINT('Origin',(90.9938370899634,49.5184509029264,7.));
#2442=CARTESIAN_POINT('',(90.9938370899634,49.5184509029264,6.39913938097244));
#2443=CARTESIAN_POINT('',(90.4938370899634,49.5184509029264,6.69956969048622));
#2444=CARTESIAN_POINT('Origin',(90.9938370899634,49.5184509029264,17.));
#2445=CARTESIAN_POINT('',(89.9938370899635,49.5184509029264,27.));
#2446=CARTESIAN_POINT('Origin',(90.9938370899634,49.5184509029264,27.));
#2447=CARTESIAN_POINT('',(89.9938370899635,49.5184509029264,17.));
#2448=CARTESIAN_POINT('Origin',(90.7417684136829,7.50548328974826,6.69956969048622));
#2449=CARTESIAN_POINT('',(89.7417684136828,7.50548328974826,7.));
#2450=CARTESIAN_POINT('Origin',(90.7417684136829,7.50548328974826,7.));
#2451=CARTESIAN_POINT('',(90.7417684136829,7.50548328974826,6.39913938097244));
#2452=CARTESIAN_POINT('',(90.2417684136829,7.50548328974826,6.69956969048622));
#2453=CARTESIAN_POINT('Origin',(90.7417684136829,7.50548328974826,17.));
#2454=CARTESIAN_POINT('',(89.7417684136829,7.50548328974826,27.));
#2455=CARTESIAN_POINT('Origin',(90.7417684136829,7.50548328974826,27.));
#2456=CARTESIAN_POINT('',(89.7417684136829,7.50548328974826,17.));
#2457=CARTESIAN_POINT('Origin',(86.230831287575,9.82671296324406,0.));
#2458=CARTESIAN_POINT('',(86.230831287575,0.,3.));
#2459=CARTESIAN_POINT('',(86.230831287575,9.82671296324406,3.));
#2460=CARTESIAN_POINT('',(86.230831287575,18.315356481622,3.));
#2461=CARTESIAN_POINT('',(86.230831287575,0.,27.));
#2462=CARTESIAN_POINT('',(86.230831287575,0.,0.));
#2463=CARTESIAN_POINT('',(86.230831287575,9.82671296324406,27.));
#2464=CARTESIAN_POINT('',(86.230831287575,-0.0792502589104904,27.));
#2465=CARTESIAN_POINT('',(86.230831287575,9.82671296324406,0.));
#2466=CARTESIAN_POINT('Origin',(91.2232060302901,4.87373135216679,27.));
#2467=CARTESIAN_POINT('',(95.796,0.,27.));
#2468=CARTESIAN_POINT('',(93.5096030151451,0.,27.));
#2469=CARTESIAN_POINT('',(95.796,9.82671296324406,27.));
#2470=CARTESIAN_POINT('',(95.796,29.2408656760834,27.));
#2471=CARTESIAN_POINT('',(86.230831287575,9.82671296324406,27.));
#2472=CARTESIAN_POINT('Origin',(96.2155807730053,9.82671296324406,0.));
#2473=CARTESIAN_POINT('',(95.796,9.82671296324406,3.));
#2474=CARTESIAN_POINT('',(72.0567903865026,9.82671296324406,3.));
#2475=CARTESIAN_POINT('',(95.796,9.82671296324406,0.));
#2476=CARTESIAN_POINT('Origin',(95.796,53.608,0.));
#2477=CARTESIAN_POINT('',(95.796,0.,33.));
#2478=CARTESIAN_POINT('',(95.796,0.,0.));
#2479=CARTESIAN_POINT('',(95.796,53.608,33.));
#2480=CARTESIAN_POINT('',(95.796,0.,33.));
#2481=CARTESIAN_POINT('',(95.796,53.608,3.));
#2482=CARTESIAN_POINT('',(95.796,53.608,0.));
#2483=CARTESIAN_POINT('',(95.796,0.,3.));
#2484=CARTESIAN_POINT('',(95.796,16.4188078869474,5.36386064274216));
#2485=CARTESIAN_POINT('',(95.796,16.4188078869474,22.3638606427422));
#2486=CARTESIAN_POINT('',(95.796,16.4188078869474,11.1819303213711));
#2487=CARTESIAN_POINT('',(95.796,15.2188078869474,22.3638606427422));
#2488=CARTESIAN_POINT('',(95.796,34.4134039434737,22.3638606427422));
#2489=CARTESIAN_POINT('',(95.796,15.2188078869474,5.36386064274216));
#2490=CARTESIAN_POINT('',(95.796,15.2188078869474,2.68193032137108));
#2491=CARTESIAN_POINT('',(95.796,35.0134039434737,5.36386064274216));
#2492=CARTESIAN_POINT('',(95.796,18.9857712141225,5.39839058666758));
#2493=CARTESIAN_POINT('',(95.796,18.9857712141225,22.3983905866676));
#2494=CARTESIAN_POINT('',(95.796,18.9857712141225,11.1991952933338));
#2495=CARTESIAN_POINT('',(95.796,17.7857712141225,22.3983905866676));
#2496=CARTESIAN_POINT('',(95.796,35.6968856070612,22.3983905866676));
#2497=CARTESIAN_POINT('',(95.796,17.7857712141225,5.39839058666758));
#2498=CARTESIAN_POINT('',(95.796,17.7857712141224,2.69919529333379));
#2499=CARTESIAN_POINT('',(95.796,36.2968856070612,5.39839058666758));
#2500=CARTESIAN_POINT('',(95.796,21.3999391051561,5.43268585249248));
#2501=CARTESIAN_POINT('',(95.796,21.3999391051561,22.4326858524925));
#2502=CARTESIAN_POINT('',(95.796,21.3999391051561,11.2163429262462));
#2503=CARTESIAN_POINT('',(95.796,20.1999391051561,22.4326858524925));
#2504=CARTESIAN_POINT('',(95.796,36.9039695525781,22.4326858524925));
#2505=CARTESIAN_POINT('',(95.796,20.1999391051561,5.43268585249248));
#2506=CARTESIAN_POINT('',(95.796,20.1999391051561,2.71634292624624));
#2507=CARTESIAN_POINT('',(95.796,37.5039695525781,5.43268585249248));
#2508=CARTESIAN_POINT('',(95.796,24.1808160429291,5.4063696420853));
#2509=CARTESIAN_POINT('',(95.796,24.1808160429291,22.4063696420853));
#2510=CARTESIAN_POINT('',(95.796,24.1808160429291,11.2031848210427));
#2511=CARTESIAN_POINT('',(95.796,22.9808160429291,22.4063696420853));
#2512=CARTESIAN_POINT('',(95.796,38.2944080214646,22.4063696420853));
#2513=CARTESIAN_POINT('',(95.796,22.9808160429291,5.4063696420853));
#2514=CARTESIAN_POINT('',(95.796,22.9808160429291,2.70318482104265));
#2515=CARTESIAN_POINT('',(95.796,38.8944080214646,5.4063696420853));
#2516=CARTESIAN_POINT('',(95.796,26.9311338934738,5.34941914422135));
#2517=CARTESIAN_POINT('',(95.796,26.9311338934738,22.3494191442214));
#2518=CARTESIAN_POINT('',(95.796,26.9311338934738,11.1747095721107));
#2519=CARTESIAN_POINT('',(95.796,25.7311338934738,22.3494191442214));
#2520=CARTESIAN_POINT('',(95.796,39.6695669467369,22.3494191442214));
#2521=CARTESIAN_POINT('',(95.796,25.7311338934738,5.34941914422135));
#2522=CARTESIAN_POINT('',(95.796,25.7311338934738,2.67470957211068));
#2523=CARTESIAN_POINT('',(95.796,40.2695669467369,5.34941914422135));
#2524=CARTESIAN_POINT('',(95.796,29.956483529073,5.38465312244836));
#2525=CARTESIAN_POINT('',(95.796,29.956483529073,22.3846531224484));
#2526=CARTESIAN_POINT('',(95.796,29.956483529073,11.1923265612242));
#2527=CARTESIAN_POINT('',(95.796,28.756483529073,22.3846531224484));
#2528=CARTESIAN_POINT('',(95.796,41.1822417645365,22.3846531224484));
#2529=CARTESIAN_POINT('',(95.796,28.756483529073,5.38465312244836));
#2530=CARTESIAN_POINT('',(95.796,28.756483529073,2.69232656122418));
#2531=CARTESIAN_POINT('',(95.796,41.7822417645365,5.38465312244836));
#2532=CARTESIAN_POINT('',(95.796,32.5540059434763,5.41923000199387));
#2533=CARTESIAN_POINT('',(95.796,32.5540059434763,22.4192300019939));
#2534=CARTESIAN_POINT('',(95.796,32.5540059434763,11.2096150009969));
#2535=CARTESIAN_POINT('',(95.796,31.3540059434763,22.4192300019939));
#2536=CARTESIAN_POINT('',(95.796,42.4810029717382,22.4192300019939));
#2537=CARTESIAN_POINT('',(95.796,31.3540059434763,5.41923000199387));
#2538=CARTESIAN_POINT('',(95.796,31.3540059434763,2.70961500099693));
#2539=CARTESIAN_POINT('',(95.796,43.0810029717382,5.41923000199387));
#2540=CARTESIAN_POINT('',(95.796,35.1515283578797,5.57615628888608));
#2541=CARTESIAN_POINT('',(95.796,35.1515283578797,22.5761562888861));
#2542=CARTESIAN_POINT('',(95.796,35.1515283578797,11.288078144443));
#2543=CARTESIAN_POINT('',(95.796,33.9515283578797,22.5761562888861));
#2544=CARTESIAN_POINT('',(95.796,43.7797641789398,22.5761562888861));
#2545=CARTESIAN_POINT('',(95.796,33.9515283578797,5.57615628888608));
#2546=CARTESIAN_POINT('',(95.796,33.9515283578797,2.78807814444304));
#2547=CARTESIAN_POINT('',(95.796,44.3797641789398,5.57615628888608));
#2548=CARTESIAN_POINT('Origin',(95.796,0.,0.));
#2549=CARTESIAN_POINT('',(10.,0.,3.));
#2550=CARTESIAN_POINT('',(0.,0.,3.));
#2551=CARTESIAN_POINT('',(10.,0.,27.));
#2552=CARTESIAN_POINT('',(10.,0.,0.));
#2553=CARTESIAN_POINT('',(0.,0.,27.));
#2554=CARTESIAN_POINT('',(50.398,0.,27.));
#2555=CARTESIAN_POINT('',(0.,0.,33.));
#2556=CARTESIAN_POINT('',(0.,0.,0.));
#2557=CARTESIAN_POINT('',(77.0000011473894,0.,33.));
#2558=CARTESIAN_POINT('',(0.,0.,33.));
#2559=CARTESIAN_POINT('',(77.0000011473894,0.,5.));
#2560=CARTESIAN_POINT('',(77.0000011473894,0.,16.5));
#2561=CARTESIAN_POINT('',(85.0000012665987,0.,5.));
#2562=CARTESIAN_POINT('',(88.398000603497,0.,5.));
#2563=CARTESIAN_POINT('',(85.0000012665987,0.,33.));
#2564=CARTESIAN_POINT('',(85.0000012665987,0.,16.5));
#2565=CARTESIAN_POINT('',(0.,0.,33.));
#2566=CARTESIAN_POINT('',(13.5729037379226,0.,10.5756005385067));
#2567=CARTESIAN_POINT('Origin',(13.5729037379226,0.,8.57560053850666));
#2568=CARTESIAN_POINT('',(13.6155585400197,0.,26.8117109748104));
#2569=CARTESIAN_POINT('Origin',(13.6155585400197,0.,24.8117109748104));
#2570=CARTESIAN_POINT('Origin',(10.,10.,0.));
#2571=CARTESIAN_POINT('',(0.,10.,3.));
#2572=CARTESIAN_POINT('',(10.,10.,3.));
#2573=CARTESIAN_POINT('',(28.949,10.,3.));
#2574=CARTESIAN_POINT('',(0.,10.,27.));
#2575=CARTESIAN_POINT('',(0.,10.,0.));
#2576=CARTESIAN_POINT('',(10.,10.,27.));
#2577=CARTESIAN_POINT('',(10.,10.,27.));
#2578=CARTESIAN_POINT('',(10.,10.,0.));
#2579=CARTESIAN_POINT('Origin',(10.,0.,0.));
#2580=CARTESIAN_POINT('',(10.,13.402,3.));
#2581=CARTESIAN_POINT('',(10.,0.,27.));
#2582=CARTESIAN_POINT('Origin',(5.,5.,27.));
#2583=CARTESIAN_POINT('',(0.,2.5,27.));
#2584=CARTESIAN_POINT('Origin',(0.,0.,0.));
#2585=CARTESIAN_POINT('',(0.,45.,3.));
#2586=CARTESIAN_POINT('',(0.,53.608,3.));
#2587=CARTESIAN_POINT('',(0.,45.,27.));
#2588=CARTESIAN_POINT('',(0.,45.,0.));
#2589=CARTESIAN_POINT('',(0.,53.608,27.));
#2590=CARTESIAN_POINT('',(0.,24.6965931665708,27.));
#2591=CARTESIAN_POINT('',(0.,53.608,33.));
#2592=CARTESIAN_POINT('',(0.,53.608,0.));
#2593=CARTESIAN_POINT('',(0.,53.608,33.));
#2594=CARTESIAN_POINT('Origin',(85.,45.,0.));
#2595=CARTESIAN_POINT('',(95.6936516434852,45.,3.));
#2596=CARTESIAN_POINT('',(85.,45.,3.));
#2597=CARTESIAN_POINT('',(66.449,45.,3.));
#2598=CARTESIAN_POINT('',(95.6936516434852,45.,27.));
#2599=CARTESIAN_POINT('',(95.6936516434852,45.,0.));
#2600=CARTESIAN_POINT('',(85.,45.,27.));
#2601=CARTESIAN_POINT('',(85.,45.,27.));
#2602=CARTESIAN_POINT('',(85.,45.,0.));
#2603=CARTESIAN_POINT('Origin',(95.6936516434852,45.,0.));
#2604=CARTESIAN_POINT('',(95.6936516434852,53.5287146059632,3.));
#2605=CARTESIAN_POINT('',(95.6936516434852,35.902,3.));
#2606=CARTESIAN_POINT('',(95.6936516434852,53.5287146059632,27.));
#2607=CARTESIAN_POINT('',(95.6936516434852,53.5287146059632,0.));
#2608=CARTESIAN_POINT('',(95.6936516434852,45.,27.));
#2609=CARTESIAN_POINT('Origin',(85.,53.5287146059632,0.));
#2610=CARTESIAN_POINT('',(85.,53.5287146059632,3.));
#2611=CARTESIAN_POINT('',(85.,40.1663573029816,3.));
#2612=CARTESIAN_POINT('',(85.,53.5287146059632,27.));
#2613=CARTESIAN_POINT('',(85.,53.5287146059632,27.));
#2614=CARTESIAN_POINT('',(85.,53.5287146059632,0.));
#2615=CARTESIAN_POINT('Origin',(95.6936516434852,53.5287146059632,0.));
#2616=CARTESIAN_POINT('',(71.7958258217426,53.5287146059632,3.));
#2617=CARTESIAN_POINT('',(95.6936516434852,53.5287146059632,27.));
#2618=CARTESIAN_POINT('Origin',(90.3468258217426,49.2643573029816,27.));
#2619=CARTESIAN_POINT('Origin',(4.98651123894096,49.3931863331417,27.));
#2620=CARTESIAN_POINT('',(10.,53.608,27.));
#2621=CARTESIAN_POINT('',(2.49325561947048,53.608,27.));
#2622=CARTESIAN_POINT('',(10.,45.,27.));
#2623=CARTESIAN_POINT('',(10.,45.,27.));
#2624=CARTESIAN_POINT('',(10.,53.7863726662833,27.));
#2625=CARTESIAN_POINT('Origin',(10.,45.,0.));
#2626=CARTESIAN_POINT('',(10.,53.608,3.));
#2627=CARTESIAN_POINT('',(10.,53.608,0.));
#2628=CARTESIAN_POINT('',(10.,45.,3.));
#2629=CARTESIAN_POINT('',(10.,45.,0.));
#2630=CARTESIAN_POINT('',(10.,35.902,3.));
#2631=CARTESIAN_POINT('Origin',(-0.026977522118079,45.,0.));
#2632=CARTESIAN_POINT('',(23.935511238941,45.,3.));
#2633=CARTESIAN_POINT('Origin',(47.898,26.804,3.));
#2634=CARTESIAN_POINT('',(95.796,53.608,3.));
#2635=CARTESIAN_POINT('Origin',(80.708524491745,-6.16937641752084,7.69495545345464));
#2636=CARTESIAN_POINT('',(80.708524491745,-6.16937641752084,7.69495545345464));
#2637=CARTESIAN_POINT('',(18.2063612139591,-6.16937641752084,7.69495545345464));
#2638=CARTESIAN_POINT('',(35.8709003527221,-6.16937641752084,7.69495545345464));
#2639=CARTESIAN_POINT('',(80.708524491745,-4.92000001490116,7.69495545345464));
#2640=CARTESIAN_POINT('',(80.708524491745,-6.16937641752084,7.69495545345464));
#2641=CARTESIAN_POINT('',(18.2063612139591,-4.92000001490116,7.69495545345464));
#2642=CARTESIAN_POINT('',(82.8542628791718,-4.92000001490116,7.69495545345464));
#2643=CARTESIAN_POINT('',(18.2063612139591,-6.16937641752084,7.69495545345464));
#2644=CARTESIAN_POINT('Origin',(80.708524491745,-6.16937641752084,25.6238311660532));
#2645=CARTESIAN_POINT('',(80.708524491745,-6.16937641752084,25.6238311660532));
#2646=CARTESIAN_POINT('',(80.708524491745,-6.16937641752084,12.8119155830266));
#2647=CARTESIAN_POINT('',(80.708524491745,-4.92000001490116,25.6238311660532));
#2648=CARTESIAN_POINT('',(80.708524491745,-6.16937641752084,25.6238311660532));
#2649=CARTESIAN_POINT('',(80.708524491745,-4.92000001490116,29.3119155830266));
#2650=CARTESIAN_POINT('Origin',(18.2063612139591,-6.16937641752084,25.6238311660532));
#2651=CARTESIAN_POINT('',(18.2063612139591,-6.16937641752084,25.6238311660532));
#2652=CARTESIAN_POINT('',(4.61981871382918,-6.16937641752084,25.6238311660532));
#2653=CARTESIAN_POINT('',(18.2063612139591,-4.92000001490116,25.6238311660532));
#2654=CARTESIAN_POINT('',(18.2063612139591,-6.16937641752084,25.6238311660532));
#2655=CARTESIAN_POINT('',(51.6031812402789,-4.92000001490116,25.6238311660532));
#2656=CARTESIAN_POINT('Origin',(18.2063612139591,-6.16937641752084,7.69495545345464));
#2657=CARTESIAN_POINT('',(18.2063612139591,-6.16937641752084,3.84747772672732));
#2658=CARTESIAN_POINT('',(18.2063612139591,-4.92000001490116,20.3474777267273));
#2659=CARTESIAN_POINT('Origin',(13.5729037379226,3.83062358247916,8.57560053850666));
#2660=CARTESIAN_POINT('',(13.5729037379226,-6.16937641752084,10.5756005385067));
#2661=CARTESIAN_POINT('Origin',(13.5729037379226,-6.16937641752084,8.57560053850666));
#2662=CARTESIAN_POINT('',(13.5729037379226,-4.92000001490116,10.5756005385067));
#2663=CARTESIAN_POINT('',(13.5729037379226,3.83062358247916,10.5756005385067));
#2664=CARTESIAN_POINT('Origin',(13.5729037379226,-4.92000001490116,8.57560053850666));
#2665=CARTESIAN_POINT('Origin',(13.5729037379226,3.83062358247916,8.57560053850666));
#2666=CARTESIAN_POINT('',(13.5729037379226,-1.00000001490116,10.5756005385067));
#2667=CARTESIAN_POINT('Origin',(13.5729037379226,-1.00000001490116,8.57560053850666));
#2668=CARTESIAN_POINT('',(13.5729037379226,3.83062358247916,10.5756005385067));
#2669=CARTESIAN_POINT('Origin',(13.6155585400197,3.83062358247916,24.8117109748104));
#2670=CARTESIAN_POINT('',(13.6155585400197,-6.16937641752084,26.8117109748104));
#2671=CARTESIAN_POINT('Origin',(13.6155585400197,-6.16937641752084,24.8117109748104));
#2672=CARTESIAN_POINT('',(13.6155585400197,-4.92000001490116,26.8117109748104));
#2673=CARTESIAN_POINT('',(13.6155585400197,3.83062358247916,26.8117109748104));
#2674=CARTESIAN_POINT('Origin',(13.6155585400197,-4.92000001490116,24.8117109748104));
#2675=CARTESIAN_POINT('Origin',(13.6155585400197,3.83062358247916,24.8117109748104));
#2676=CARTESIAN_POINT('',(13.6155585400197,-1.00000001490116,26.8117109748104));
#2677=CARTESIAN_POINT('Origin',(13.6155585400197,-1.00000001490116,24.8117109748104));
#2678=CARTESIAN_POINT('',(13.6155585400197,3.83062358247916,26.8117109748104));
#2679=CARTESIAN_POINT('Origin',(9.8400012665987,-1.00000001490116,33.));
#2680=CARTESIAN_POINT('',(77.0000011473894,-1.00000001490116,5.));
#2681=CARTESIAN_POINT('',(77.0000011473894,-1.00000001490116,33.));
#2682=CARTESIAN_POINT('',(77.0000011473894,-1.00000001490116,33.));
#2683=CARTESIAN_POINT('',(9.8400012665987,-1.00000001490116,33.));
#2684=CARTESIAN_POINT('',(28.935638740149,-1.00000001490116,33.));
#2685=CARTESIAN_POINT('',(9.8400012665987,-1.00000001490116,5.));
#2686=CARTESIAN_POINT('',(9.8400012665987,-1.00000001490116,33.));
#2687=CARTESIAN_POINT('',(77.0000011473894,-1.00000001490116,5.));
#2688=CARTESIAN_POINT('Origin',(77.0000011473894,-1.00000001490116,33.));
#2689=CARTESIAN_POINT('',(77.0000011473894,0.,5.));
#2690=CARTESIAN_POINT('',(77.0000011473894,12.817311783789,33.));
#2691=CARTESIAN_POINT('Origin',(48.0312762136993,26.6346235824792,33.));
#2692=CARTESIAN_POINT('',(-8.96672378630072,59.4386235824792,33.));
#2693=CARTESIAN_POINT('',(-8.96672378630072,-6.16937641752084,33.));
#2694=CARTESIAN_POINT('',(-8.96672378630072,59.4386235824792,33.));
#2695=CARTESIAN_POINT('',(105.029276213699,-6.16937641752084,33.));
#2696=CARTESIAN_POINT('',(-8.96672378630072,-6.16937641752084,33.));
#2697=CARTESIAN_POINT('',(105.029276213699,59.4386235824792,33.));
#2698=CARTESIAN_POINT('',(105.029276213699,-6.16937641752084,33.));
#2699=CARTESIAN_POINT('',(105.029276213699,59.4386235824792,33.));
#2700=CARTESIAN_POINT('',(-6.15655073030191,-2.46845914300743,33.));
#2701=CARTESIAN_POINT('Origin',(-4.65655073030191,-2.46845914300743,33.));
#2702=CARTESIAN_POINT('',(95.796,53.608,33.));
#2703=CARTESIAN_POINT('',(85.0000012665987,-4.92000001490116,33.));
#2704=CARTESIAN_POINT('',(85.0000012665987,12.817311783789,33.));
#2705=CARTESIAN_POINT('',(9.8400012665987,-4.92000001490116,33.));
#2706=CARTESIAN_POINT('',(66.515638740149,-4.92000001490116,33.));
#2707=CARTESIAN_POINT('',(9.8400012665987,10.857311783789,33.));
#2708=CARTESIAN_POINT('',(98.7959122477873,55.6163278027459,33.));
#2709=CARTESIAN_POINT('Origin',(100.295912247787,55.6163278027459,33.));
#2710=CARTESIAN_POINT('',(-5.71375105419734,54.5011900171622,33.));
#2711=CARTESIAN_POINT('Origin',(-4.21375105419734,54.5011900171622,33.));
#2712=CARTESIAN_POINT('',(98.6065918390742,-2.45164869688617,33.));
#2713=CARTESIAN_POINT('Origin',(100.106591839074,-2.45164869688617,33.));
#2714=CARTESIAN_POINT('Origin',(-4.65655073030191,-2.46845914300743,12.5493545357293));
#2715=CARTESIAN_POINT('',(-6.15655073030191,-2.46845914300743,13.));
#2716=CARTESIAN_POINT('Origin',(-4.65655073030191,-2.46845914300743,13.));
#2717=CARTESIAN_POINT('',(-4.65655073030191,-2.46845914300743,12.0987090714587));
#2718=CARTESIAN_POINT('',(-5.40655073030191,-2.46845914300743,12.5493545357293));
#2719=CARTESIAN_POINT('Origin',(-4.65655073030191,-2.46845914300743,23.));
#2720=CARTESIAN_POINT('',(-6.15655073030191,-2.46845914300743,23.));
#2721=CARTESIAN_POINT('Origin',(-8.96672378630072,59.4386235824792,0.));
#2722=CARTESIAN_POINT('',(-8.96672378630072,59.4386235824792,0.));
#2723=CARTESIAN_POINT('',(-8.96672378630072,-6.16937641752084,0.));
#2724=CARTESIAN_POINT('',(-8.96672378630072,59.4386235824792,0.));
#2725=CARTESIAN_POINT('',(-8.96672378630072,-6.16937641752084,0.));
#2726=CARTESIAN_POINT('',(-8.96672378630072,59.4386235824792,0.));
#2727=CARTESIAN_POINT('Origin',(47.898,26.804,0.));
#2728=CARTESIAN_POINT('',(105.029276213699,-6.16937641752084,0.));
#2729=CARTESIAN_POINT('',(105.029276213699,59.4386235824792,0.));
#2730=CARTESIAN_POINT('',(105.029276213699,-6.16937641752084,0.));
#2731=CARTESIAN_POINT('',(-8.96672378630072,-6.16937641752084,0.));
#2732=CARTESIAN_POINT('',(105.029276213699,59.4386235824792,0.));
#2733=CARTESIAN_POINT('Origin',(47.4200012665987,-2.96000001490116,5.));
#2734=CARTESIAN_POINT('',(85.0000012665987,-4.92000001490116,5.));
#2735=CARTESIAN_POINT('',(9.8400012665987,-4.92000001490116,5.));
#2736=CARTESIAN_POINT('',(9.8400012665987,-4.92000001490116,5.));
#2737=CARTESIAN_POINT('',(85.0000012665987,-4.92000001490116,5.));
#2738=CARTESIAN_POINT('',(9.8400012665987,-1.00000001490116,5.));
#2739=CARTESIAN_POINT('Origin',(85.0000012665987,-4.92000001490116,33.));
#2740=CARTESIAN_POINT('',(85.0000012665987,-4.92000001490116,33.));
#2741=CARTESIAN_POINT('',(9.8400012665987,-4.92000001490116,33.));
#2742=CARTESIAN_POINT('Origin',(-8.96672378630072,-6.16937641752084,0.));
#2743=CARTESIAN_POINT('',(105.029276213699,-6.16937641752084,0.));
#2744=CARTESIAN_POINT('Origin',(105.029276213699,59.4386235824792,0.));
#2745=CARTESIAN_POINT('',(105.029276213699,59.4386235824792,0.));
#2746=CARTESIAN_POINT('',(46.0000006854534,59.4386235824792,22.0000003278255));
#2747=CARTESIAN_POINT('',(56.000000834465,59.4386235824792,22.0000003278255));
#2748=CARTESIAN_POINT('',(75.5146384495764,59.4386235824792,22.0000003278255));
#2749=CARTESIAN_POINT('',(56.000000834465,59.4386235824792,27.0000004023314));
#2750=CARTESIAN_POINT('',(56.000000834465,59.4386235824792,11.0000001639128));
#2751=CARTESIAN_POINT('',(46.0000006854534,59.4386235824792,27.0000004023314));
#2752=CARTESIAN_POINT('',(80.5146385240822,59.4386235824792,27.0000004023314));
#2753=CARTESIAN_POINT('',(46.0000006854534,59.4386235824792,13.5000002011657));
#2754=CARTESIAN_POINT('Origin',(46.0000006854534,59.4386235824792,22.0000003278255));
#2755=CARTESIAN_POINT('',(46.0000006854534,53.608,22.0000003278255));
#2756=CARTESIAN_POINT('',(46.0000006854534,59.4386235824792,22.0000003278255));
#2757=CARTESIAN_POINT('',(56.000000834465,53.608,22.0000003278255));
#2758=CARTESIAN_POINT('',(23.0000003427267,53.608,22.0000003278255));
#2759=CARTESIAN_POINT('',(56.000000834465,59.4386235824792,22.0000003278255));
#2760=CARTESIAN_POINT('Origin',(46.0000006854534,59.4386235824792,27.0000004023314));
#2761=CARTESIAN_POINT('',(46.0000006854534,53.608,27.0000004023314));
#2762=CARTESIAN_POINT('',(46.0000006854534,59.4386235824792,27.0000004023314));
#2763=CARTESIAN_POINT('',(46.0000006854534,53.608,13.5000002011657));
#2764=CARTESIAN_POINT('Origin',(56.000000834465,59.4386235824792,27.0000004023314));
#2765=CARTESIAN_POINT('',(56.000000834465,53.608,27.0000004023314));
#2766=CARTESIAN_POINT('',(56.000000834465,59.4386235824792,27.0000004023314));
#2767=CARTESIAN_POINT('',(28.0000004172325,53.608,27.0000004023314));
#2768=CARTESIAN_POINT('Origin',(56.000000834465,59.4386235824792,22.0000003278255));
#2769=CARTESIAN_POINT('',(56.000000834465,53.608,11.0000001639128));
#2770=CARTESIAN_POINT('Origin',(85.0000012665987,-1.00000001490116,33.));
#2771=CARTESIAN_POINT('Origin',(9.8400012665987,-4.92000001490116,33.));
#2772=CARTESIAN_POINT('Origin',(100.295912247787,55.6163278027459,12.5493545357293));
#2773=CARTESIAN_POINT('',(98.7959122477873,55.6163278027459,13.));
#2774=CARTESIAN_POINT('Origin',(100.295912247787,55.6163278027459,13.));
#2775=CARTESIAN_POINT('',(100.295912247787,55.6163278027459,12.0987090714587));
#2776=CARTESIAN_POINT('',(99.5459122477874,55.6163278027459,12.5493545357293));
#2777=CARTESIAN_POINT('Origin',(100.295912247787,55.6163278027459,23.));
#2778=CARTESIAN_POINT('',(98.7959122477873,55.6163278027459,23.));
#2779=CARTESIAN_POINT('Origin',(100.106591839074,-2.45164869688617,12.5493545357293));
#2780=CARTESIAN_POINT('',(98.6065918390742,-2.45164869688617,13.));
#2781=CARTESIAN_POINT('Origin',(100.106591839074,-2.45164869688617,13.));
#2782=CARTESIAN_POINT('',(100.106591839074,-2.45164869688617,12.0987090714587));
#2783=CARTESIAN_POINT('',(99.3565918390742,-2.45164869688617,12.5493545357293));
#2784=CARTESIAN_POINT('Origin',(100.106591839074,-2.45164869688617,23.));
#2785=CARTESIAN_POINT('',(98.6065918390742,-2.45164869688617,23.));
#2786=CARTESIAN_POINT('Origin',(-4.21375105419734,54.5011900171622,12.5493545357293));
#2787=CARTESIAN_POINT('',(-5.71375105419734,54.5011900171622,13.));
#2788=CARTESIAN_POINT('Origin',(-4.21375105419734,54.5011900171622,13.));
#2789=CARTESIAN_POINT('',(-4.21375105419734,54.5011900171622,12.0987090714587));
#2790=CARTESIAN_POINT('',(-4.96375105419734,54.5011900171622,12.5493545357293));
#2791=CARTESIAN_POINT('Origin',(-4.21375105419734,54.5011900171622,23.));
#2792=CARTESIAN_POINT('',(-5.71375105419734,54.5011900171622,23.));
#2793=CARTESIAN_POINT('Origin',(105.029276213699,15.2188078869474,5.36386064274216));
#2794=CARTESIAN_POINT('',(105.029276213699,15.2188078869474,22.3638606427422));
#2795=CARTESIAN_POINT('',(105.029276213699,15.2188078869474,22.3638606427422));
#2796=CARTESIAN_POINT('',(105.029276213699,15.2188078869474,5.36386064274216));
#2797=CARTESIAN_POINT('',(105.029276213699,15.2188078869474,2.68193032137108));
#2798=CARTESIAN_POINT('',(105.029276213699,15.2188078869474,5.36386064274216));
#2799=CARTESIAN_POINT('Origin',(105.029276213699,16.4188078869474,5.36386064274216));
#2800=CARTESIAN_POINT('',(105.029276213699,16.4188078869474,5.36386064274216));
#2801=CARTESIAN_POINT('',(105.029276213699,5.12471573471327,5.36386064274216));
#2802=CARTESIAN_POINT('',(105.029276213699,16.4188078869474,5.36386064274216));
#2803=CARTESIAN_POINT('Origin',(105.029276213699,16.4188078869474,22.3638606427422));
#2804=CARTESIAN_POINT('',(105.029276213699,16.4188078869474,22.3638606427422));
#2805=CARTESIAN_POINT('',(105.029276213699,16.4188078869474,11.1819303213711));
#2806=CARTESIAN_POINT('',(105.029276213699,16.4188078869474,22.3638606427422));
#2807=CARTESIAN_POINT('Origin',(105.029276213699,15.2188078869474,22.3638606427422));
#2808=CARTESIAN_POINT('',(105.029276213699,4.52471573471327,22.3638606427422));
#2809=CARTESIAN_POINT('Origin',(105.029276213699,17.7857712141225,5.39839058666758));
#2810=CARTESIAN_POINT('',(105.029276213699,17.7857712141225,22.3983905866676));
#2811=CARTESIAN_POINT('',(105.029276213699,17.7857712141225,22.3983905866676));
#2812=CARTESIAN_POINT('',(105.029276213699,17.7857712141225,5.39839058666758));
#2813=CARTESIAN_POINT('',(105.029276213699,17.7857712141224,2.69919529333379));
#2814=CARTESIAN_POINT('',(105.029276213699,17.7857712141225,5.39839058666758));
#2815=CARTESIAN_POINT('Origin',(105.029276213699,18.9857712141225,5.39839058666758));
#2816=CARTESIAN_POINT('',(105.029276213699,18.9857712141225,5.39839058666758));
#2817=CARTESIAN_POINT('',(105.029276213699,6.4081973983008,5.39839058666758));
#2818=CARTESIAN_POINT('',(105.029276213699,18.9857712141225,5.39839058666758));
#2819=CARTESIAN_POINT('Origin',(105.029276213699,18.9857712141225,22.3983905866676));
#2820=CARTESIAN_POINT('',(105.029276213699,18.9857712141225,22.3983905866676));
#2821=CARTESIAN_POINT('',(105.029276213699,18.9857712141225,11.1991952933338));
#2822=CARTESIAN_POINT('',(105.029276213699,18.9857712141225,22.3983905866676));
#2823=CARTESIAN_POINT('Origin',(105.029276213699,17.7857712141225,22.3983905866676));
#2824=CARTESIAN_POINT('',(105.029276213699,5.8081973983008,22.3983905866676));
#2825=CARTESIAN_POINT('Origin',(105.029276213699,20.1999391051561,5.43268585249248));
#2826=CARTESIAN_POINT('',(105.029276213699,20.1999391051561,22.4326858524925));
#2827=CARTESIAN_POINT('',(105.029276213699,20.1999391051561,22.4326858524925));
#2828=CARTESIAN_POINT('',(105.029276213699,20.1999391051561,5.43268585249248));
#2829=CARTESIAN_POINT('',(105.029276213699,20.1999391051561,2.71634292624624));
#2830=CARTESIAN_POINT('',(105.029276213699,20.1999391051561,5.43268585249248));
#2831=CARTESIAN_POINT('Origin',(105.029276213699,21.3999391051561,5.43268585249248));
#2832=CARTESIAN_POINT('',(105.029276213699,21.3999391051561,5.43268585249248));
#2833=CARTESIAN_POINT('',(105.029276213699,7.61528134381765,5.43268585249248));
#2834=CARTESIAN_POINT('',(105.029276213699,21.3999391051561,5.43268585249248));
#2835=CARTESIAN_POINT('Origin',(105.029276213699,21.3999391051561,22.4326858524925));
#2836=CARTESIAN_POINT('',(105.029276213699,21.3999391051561,22.4326858524925));
#2837=CARTESIAN_POINT('',(105.029276213699,21.3999391051561,11.2163429262462));
#2838=CARTESIAN_POINT('',(105.029276213699,21.3999391051561,22.4326858524925));
#2839=CARTESIAN_POINT('Origin',(105.029276213699,20.1999391051561,22.4326858524925));
#2840=CARTESIAN_POINT('',(105.029276213699,7.01528134381765,22.4326858524925));
#2841=CARTESIAN_POINT('Origin',(105.029276213699,22.9808160429291,5.4063696420853));
#2842=CARTESIAN_POINT('',(105.029276213699,22.9808160429291,22.4063696420853));
#2843=CARTESIAN_POINT('',(105.029276213699,22.9808160429291,22.4063696420853));
#2844=CARTESIAN_POINT('',(105.029276213699,22.9808160429291,5.4063696420853));
#2845=CARTESIAN_POINT('',(105.029276213699,22.9808160429291,2.70318482104265));
#2846=CARTESIAN_POINT('',(105.029276213699,22.9808160429291,5.4063696420853));
#2847=CARTESIAN_POINT('Origin',(105.029276213699,24.1808160429291,5.4063696420853));
#2848=CARTESIAN_POINT('',(105.029276213699,24.1808160429291,5.4063696420853));
#2849=CARTESIAN_POINT('',(105.029276213699,9.00571981270413,5.4063696420853));
#2850=CARTESIAN_POINT('',(105.029276213699,24.1808160429291,5.4063696420853));
#2851=CARTESIAN_POINT('Origin',(105.029276213699,24.1808160429291,22.4063696420853));
#2852=CARTESIAN_POINT('',(105.029276213699,24.1808160429291,22.4063696420853));
#2853=CARTESIAN_POINT('',(105.029276213699,24.1808160429291,11.2031848210427));
#2854=CARTESIAN_POINT('',(105.029276213699,24.1808160429291,22.4063696420853));
#2855=CARTESIAN_POINT('Origin',(105.029276213699,22.9808160429291,22.4063696420853));
#2856=CARTESIAN_POINT('',(105.029276213699,8.40571981270413,22.4063696420853));
#2857=CARTESIAN_POINT('Origin',(105.029276213699,25.7311338934738,5.34941914422135));
#2858=CARTESIAN_POINT('',(105.029276213699,25.7311338934738,22.3494191442214));
#2859=CARTESIAN_POINT('',(105.029276213699,25.7311338934738,22.3494191442214));
#2860=CARTESIAN_POINT('',(105.029276213699,25.7311338934738,5.34941914422135));
#2861=CARTESIAN_POINT('',(105.029276213699,25.7311338934738,2.67470957211068));
#2862=CARTESIAN_POINT('',(105.029276213699,25.7311338934738,5.34941914422135));
#2863=CARTESIAN_POINT('Origin',(105.029276213699,26.9311338934738,5.34941914422135));
#2864=CARTESIAN_POINT('',(105.029276213699,26.9311338934738,5.34941914422135));
#2865=CARTESIAN_POINT('',(105.029276213699,10.3808787379765,5.34941914422135));
#2866=CARTESIAN_POINT('',(105.029276213699,26.9311338934738,5.34941914422135));
#2867=CARTESIAN_POINT('Origin',(105.029276213699,26.9311338934738,22.3494191442214));
#2868=CARTESIAN_POINT('',(105.029276213699,26.9311338934738,22.3494191442214));
#2869=CARTESIAN_POINT('',(105.029276213699,26.9311338934738,11.1747095721107));
#2870=CARTESIAN_POINT('',(105.029276213699,26.9311338934738,22.3494191442214));
#2871=CARTESIAN_POINT('Origin',(105.029276213699,25.7311338934738,22.3494191442214));
#2872=CARTESIAN_POINT('',(105.029276213699,9.7808787379765,22.3494191442214));
#2873=CARTESIAN_POINT('Origin',(105.029276213699,28.756483529073,5.38465312244836));
#2874=CARTESIAN_POINT('',(105.029276213699,28.756483529073,22.3846531224484));
#2875=CARTESIAN_POINT('',(105.029276213699,28.756483529073,22.3846531224484));
#2876=CARTESIAN_POINT('',(105.029276213699,28.756483529073,5.38465312244836));
#2877=CARTESIAN_POINT('',(105.029276213699,28.756483529073,2.69232656122418));
#2878=CARTESIAN_POINT('',(105.029276213699,28.756483529073,5.38465312244836));
#2879=CARTESIAN_POINT('Origin',(105.029276213699,29.956483529073,5.38465312244836));
#2880=CARTESIAN_POINT('',(105.029276213699,29.956483529073,5.38465312244836));
#2881=CARTESIAN_POINT('',(105.029276213699,11.8935535557761,5.38465312244836));
#2882=CARTESIAN_POINT('',(105.029276213699,29.956483529073,5.38465312244836));
#2883=CARTESIAN_POINT('Origin',(105.029276213699,29.956483529073,22.3846531224484));
#2884=CARTESIAN_POINT('',(105.029276213699,29.956483529073,22.3846531224484));
#2885=CARTESIAN_POINT('',(105.029276213699,29.956483529073,11.1923265612242));
#2886=CARTESIAN_POINT('',(105.029276213699,29.956483529073,22.3846531224484));
#2887=CARTESIAN_POINT('Origin',(105.029276213699,28.756483529073,22.3846531224484));
#2888=CARTESIAN_POINT('',(105.029276213699,11.2935535557761,22.3846531224484));
#2889=CARTESIAN_POINT('Origin',(105.029276213699,31.3540059434763,5.41923000199387));
#2890=CARTESIAN_POINT('',(105.029276213699,31.3540059434763,22.4192300019939));
#2891=CARTESIAN_POINT('',(105.029276213699,31.3540059434763,22.4192300019939));
#2892=CARTESIAN_POINT('',(105.029276213699,31.3540059434763,5.41923000199387));
#2893=CARTESIAN_POINT('',(105.029276213699,31.3540059434763,2.70961500099693));
#2894=CARTESIAN_POINT('',(105.029276213699,31.3540059434763,5.41923000199387));
#2895=CARTESIAN_POINT('Origin',(105.029276213699,32.5540059434763,5.41923000199387));
#2896=CARTESIAN_POINT('',(105.029276213699,32.5540059434763,5.41923000199387));
#2897=CARTESIAN_POINT('',(105.029276213699,13.1923147629777,5.41923000199387));
#2898=CARTESIAN_POINT('',(105.029276213699,32.5540059434763,5.41923000199387));
#2899=CARTESIAN_POINT('Origin',(105.029276213699,32.5540059434763,22.4192300019939));
#2900=CARTESIAN_POINT('',(105.029276213699,32.5540059434763,22.4192300019939));
#2901=CARTESIAN_POINT('',(105.029276213699,32.5540059434763,11.2096150009969));
#2902=CARTESIAN_POINT('',(105.029276213699,32.5540059434763,22.4192300019939));
#2903=CARTESIAN_POINT('Origin',(105.029276213699,31.3540059434763,22.4192300019939));
#2904=CARTESIAN_POINT('',(105.029276213699,12.5923147629777,22.4192300019939));
#2905=CARTESIAN_POINT('Origin',(105.029276213699,33.9515283578797,5.57615628888608));
#2906=CARTESIAN_POINT('',(105.029276213699,33.9515283578797,22.5761562888861));
#2907=CARTESIAN_POINT('',(105.029276213699,33.9515283578797,22.5761562888861));
#2908=CARTESIAN_POINT('',(105.029276213699,33.9515283578797,5.57615628888608));
#2909=CARTESIAN_POINT('',(105.029276213699,33.9515283578797,2.78807814444304));
#2910=CARTESIAN_POINT('',(105.029276213699,33.9515283578797,5.57615628888608));
#2911=CARTESIAN_POINT('Origin',(105.029276213699,35.1515283578797,5.57615628888608));
#2912=CARTESIAN_POINT('',(105.029276213699,35.1515283578797,5.57615628888608));
#2913=CARTESIAN_POINT('',(105.029276213699,14.4910759701794,5.57615628888608));
#2914=CARTESIAN_POINT('',(105.029276213699,35.1515283578797,5.57615628888608));
#2915=CARTESIAN_POINT('Origin',(105.029276213699,35.1515283578797,22.5761562888861));
#2916=CARTESIAN_POINT('',(105.029276213699,35.1515283578797,22.5761562888861));
#2917=CARTESIAN_POINT('',(105.029276213699,35.1515283578797,11.288078144443));
#2918=CARTESIAN_POINT('',(105.029276213699,35.1515283578797,22.5761562888861));
#2919=CARTESIAN_POINT('Origin',(105.029276213699,33.9515283578797,22.5761562888861));
#2920=CARTESIAN_POINT('',(105.029276213699,13.8910759701794,22.5761562888861));
#2921=CARTESIAN_POINT('Origin',(0.,53.608,0.));
#2922=CARTESIAN_POINT('Origin',(105.029276213699,-6.16937641752084,0.));
#2923=CARTESIAN_POINT('',(0.,0.,0.));
#2924=UNCERTAINTY_MEASURE_WITH_UNIT(LENGTH_MEASURE(0.01),#2930,
'DISTANCE_ACCURACY_VALUE',
'Maximum model space distance between geometric entities at asserted c
onnectivities');
#2925=UNCERTAINTY_MEASURE_WITH_UNIT(LENGTH_MEASURE(0.01),#2930,
'DISTANCE_ACCURACY_VALUE',
'Maximum model space distance between geometric entities at asserted c
onnectivities');
#2926=UNCERTAINTY_MEASURE_WITH_UNIT(LENGTH_MEASURE(0.01),#2930,
'DISTANCE_ACCURACY_VALUE',
'Maximum model space distance between geometric entities at asserted c
onnectivities');
#2927=(
GEOMETRIC_REPRESENTATION_CONTEXT(3)
GLOBAL_UNCERTAINTY_ASSIGNED_CONTEXT((#2924))
GLOBAL_UNIT_ASSIGNED_CONTEXT((#2930,#2932,#2933))
REPRESENTATION_CONTEXT('','3D')
);
#2928=(
GEOMETRIC_REPRESENTATION_CONTEXT(3)
GLOBAL_UNCERTAINTY_ASSIGNED_CONTEXT((#2925))
GLOBAL_UNIT_ASSIGNED_CONTEXT((#2930,#2932,#2933))
REPRESENTATION_CONTEXT('','3D')
);
#2929=(
GEOMETRIC_REPRESENTATION_CONTEXT(3)
GLOBAL_UNCERTAINTY_ASSIGNED_CONTEXT((#2926))
GLOBAL_UNIT_ASSIGNED_CONTEXT((#2930,#2932,#2933))
REPRESENTATION_CONTEXT('','3D')
);
#2930=(
LENGTH_UNIT()
NAMED_UNIT(*)
SI_UNIT(.MILLI.,.METRE.)
);
#2931=(
LENGTH_UNIT()
NAMED_UNIT(*)
SI_UNIT($,.METRE.)
);
#2932=(
NAMED_UNIT(*)
PLANE_ANGLE_UNIT()
SI_UNIT($,.RADIAN.)
);
#2933=(
NAMED_UNIT(*)
SI_UNIT($,.STERADIAN.)
SOLID_ANGLE_UNIT()
);
#2934=SHAPE_DEFINITION_REPRESENTATION(#2936,#2939);
#2935=SHAPE_DEFINITION_REPRESENTATION(#2937,#2940);
#2936=PRODUCT_DEFINITION_SHAPE('',$,#2942);
#2937=PRODUCT_DEFINITION_SHAPE('',$,#2943);
#2938=PRODUCT_DEFINITION_SHAPE($,$,#14);
#2939=SHAPE_REPRESENTATION('',(#1844,#1961),#2927);
#2940=SHAPE_REPRESENTATION('',(#1845),#2928);
#2941=PRODUCT_DEFINITION_CONTEXT('part definition',#2949,'design');
#2942=PRODUCT_DEFINITION('2026-08-29-16-13-29-375','bottoom (Assembly)',
#2944,#2941);
#2943=PRODUCT_DEFINITION('2026-08-29-15-33-22-341','bottoom',#2945,#2941);
#2944=PRODUCT_DEFINITION_FORMATION('',$,#2951);
#2945=PRODUCT_DEFINITION_FORMATION('',$,#2952);
#2946=PRODUCT_RELATED_PRODUCT_CATEGORY('bottoom (Assembly)',
'bottoom (Assembly)',(#2951));
#2947=PRODUCT_RELATED_PRODUCT_CATEGORY('bottoom','bottoom',(#2952));
#2948=APPLICATION_PROTOCOL_DEFINITION('international standard',
'automotive_design',2009,#2949);
#2949=APPLICATION_CONTEXT(
'Core Data for Automotive Mechanical Design Process');
#2950=PRODUCT_CONTEXT('part definition',#2949,'mechanical');
#2951=PRODUCT('2026-08-29-16-13-29-375','bottoom (Assembly)',$,(#2950));
#2952=PRODUCT('2026-08-29-15-33-22-341','bottoom',$,(#2950));
#2953=PRESENTATION_STYLE_ASSIGNMENT((#2956));
#2954=PRESENTATION_STYLE_ASSIGNMENT((#2957));
#2955=PRESENTATION_STYLE_ASSIGNMENT((#2958));
#2956=SURFACE_STYLE_USAGE(.BOTH.,#2959);
#2957=SURFACE_STYLE_USAGE(.BOTH.,#2960);
#2958=SURFACE_STYLE_USAGE(.BOTH.,#2961);
#2959=SURFACE_SIDE_STYLE('',(#2962));
#2960=SURFACE_SIDE_STYLE('',(#2963));
#2961=SURFACE_SIDE_STYLE('',(#2964));
#2962=SURFACE_STYLE_FILL_AREA(#2965);
#2963=SURFACE_STYLE_FILL_AREA(#2966);
#2964=SURFACE_STYLE_FILL_AREA(#2967);
#2965=FILL_AREA_STYLE('Steel - Satin',(#2968));
#2966=FILL_AREA_STYLE(
'PA 11 - Nylon- HP 11-30 (with EOS P 396 3D Printer)',(#2969));
#2967=FILL_AREA_STYLE('Plastic - Translucent Glossy (Red)',(#2970));
#2968=FILL_AREA_STYLE_COLOUR('Steel - Satin',#2971);
#2969=FILL_AREA_STYLE_COLOUR(
'PA 11 - Nylon- HP 11-30 (with EOS P 396 3D Printer)',#2972);
#2970=FILL_AREA_STYLE_COLOUR('Plastic - Translucent Glossy (Red)',#2973);
#2971=COLOUR_RGB('Steel - Satin',0.627450980392157,0.627450980392157,0.627450980392157);
#2972=COLOUR_RGB('PA 11 - Nylon- HP 11-30 (with EOS P 396 3D Printer)',
0.247058823529412,0.247058823529412,0.247058823529412);
#2973=COLOUR_RGB('Plastic - Translucent Glossy (Red)',0.768627450980392,
0.207843137254902,0.152941176470588);
ENDSEC;
END-ISO-10303-21;
